instance,resolution,debug_difficulty,node_count,exec_edge_count,hier_edge_count,step_count,longest_path,avg_out_degree,loop_count,avg_loop_length,backedge_fraction,max_loop_length,min_loop_length,edge_count,most_freq_node,most_freq_node_freq,loc_focus_ratio,loc_dominant_zone,loc_num_clusters,loc_avg_node_freq,repeated_view,max_view_depth,avg_view_depth,max_view_span,avg_view_span,scroll_behavior,num_deep_zooms_without_edit,back_and_forth_switch,zoom_out,patch_total,patch_success,flip_flop,repeat_failed_edit,abandonment,fail_to_success_patterns,fail_streak_max,fail_streak_avg,fail_streak_count,fail_type_not found,fail_type_no change,fail_type_multiple occurrences,fail_type_unknown,fail_type_invalid code
django__django-10914,resolved,unknown,28,36,10,25,19,1.25,9,4.888888888888889,0.19444444444444445,16,2,46,1:cd,8,0.59,mixed,9,1.1,True,2,1.5,8,5.5,True,0,False,False,4,2,False,False,False,"('localization',)",2,2.0,1,1,0,1,0,0
sympy__sympy-13480,resolved,unknown,7,7,0,6,6,1.0,1,6.0,0.14285714285714285,6,6,7,0:cd,2,0.38,middle,1,1.0,False,1,1.0,1,1.0,False,0,False,False,1,1,False,False,False,N/A,0,0.0,0,0,0,0,0,0
django__django-16139,resolved,unknown,7,6,0,6,6,0.8571428571428571,0,0.0,0.0,0,0,6,0:think,1,0.57,middle,1,1.0,False,1,1.0,3,3.0,False,0,False,False,1,1,False,False,False,N/A,0,0.0,0,0,0,0,0,0
sympy__sympy-21379,unresolved,unknown,14,13,0,14,13,0.9285714285714286,0,0.0,0.0,0,0,13,0:pwd,1,0.71,middle,1,1.0,False,1,1.0,4,4.0,False,2,False,False,1,1,False,False,False,N/A,0,0.0,0,0,0,0,0,0
django__django-11790,resolved,unknown,18,24,1,16,13,1.2777777777777777,6,3.0,0.16666666666666666,8,2,25,0:cd,5,0.48,mixed,7,1.0,False,2,1.2,5,3.0,True,2,False,False,1,1,False,False,False,N/A,0,0.0,0,0,0,0,0,0
django__django-16667,unresolved,unknown,15,21,0,14,9,1.2666666666666666,5,3.6,0.19047619047619047,5,2,21,1:cd,5,0.27,early,4,1.0,False,1,1.0,2,2.0,False,0,False,False,6,3,False,True,False,N/A,3,3.0,1,3,0,0,0,0
django__django-15569,resolved,unknown,4,3,0,3,3,0.75,0,0.0,0.0,0,0,3,0:cd,1,0.5,middle,1,1.0,False,1,1.0,1,1.0,False,0,False,False,1,1,False,False,False,N/A,0,0.0,0,0,0,0,0,0
sphinx-doc__sphinx-7985,unresolved,unknown,6,8,0,6,5,1.1666666666666667,2,3.5,0.125,5,2,8,0:cd,3,0.44,middle,2,1.0,False,1,1.0,2,2.0,False,1,False,False,1,1,False,False,False,N/A,0,0.0,0,0,0,0,0,0
django__django-14855,resolved,unknown,13,15,0,13,10,1.1538461538461537,3,4.0,0.2,5,2,15,6:cd,3,0.44,early,3,1.17,True,1,1.0,3,3.0,True,0,False,False,2,2,False,False,False,N/A,0,0.0,0,0,0,0,0,0
scikit-learn__scikit-learn-25747,unresolved,unknown,11,12,0,10,10,1.0,1,5.0,0.08333333333333333,5,5,12,6:cd,2,0.23,early,1,1.0,False,1,1.0,1,1.0,False,0,False,False,1,1,False,False,False,N/A,0,0.0,0,0,0,0,0,0
django__django-14034,unresolved,unknown,11,16,0,13,8,1.2727272727272727,4,3.5,0.25,5,1,16,1:cd,4,0.12,early,1,1.0,False,1,1.0,1,1.0,False,0,False,False,1,1,False,False,False,N/A,0,0.0,0,0,0,0,0,0
django__django-13925,unresolved,unknown,26,40,5,26,7,1.4615384615384615,13,2.923076923076923,0.325,5,2,45,0:cd,14,0.24,early,4,1.0,False,2,2.0,5,3.0,False,0,False,True,1,1,False,False,False,N/A,0,0.0,0,0,0,0,0,0
django__django-11880,resolved,unknown,16,21,2,18,12,1.125,3,3.6666666666666665,0.14285714285714285,4,3,23,9:set_env,4,0.27,early,1,1.0,False,2,2.0,2,2.0,True,0,False,True,1,1,False,False,False,N/A,0,0.0,0,0,0,0,0,0
sphinx-doc__sphinx-8459,unresolved,unknown,37,56,1,27,19,1.4054054054054055,47,5.723404255319149,0.21428571428571427,11,2,57,9:cd,9,0.19,mixed,8,1.0,False,2,1.5,2,1.5,False,1,False,False,11,11,True,False,False,N/A,0,0.0,0,0,0,0,0,0
scikit-learn__scikit-learn-14141,resolved,unknown,7,6,1,6,6,0.8571428571428571,0,0.0,0.0,0,0,7,0:cd,1,0.43,mixed,2,1.0,False,2,2.0,1,1.0,False,0,False,False,3,1,False,False,False,N/A,2,2.0,1,2,0,0,0,0
django__django-15382,unresolved,unknown,54,74,4,57,31,1.2407407407407407,22,9.090909090909092,0.17567567567567569,17,2,78,15:cd,7,0.27,early,9,1.05,True,3,1.33,8,3.67,True,1,False,True,12,3,False,False,False,"('localization',)",3,3.0,3,9,0,0,0,0
psf__requests-2931,unresolved,unknown,13,13,0,11,12,1.0,1,12.0,0.07692307692307693,12,12,13,0:cd,2,0.57,middle,1,1.0,False,1,1.0,4,4.0,False,1,False,False,1,1,False,False,False,N/A,0,0.0,0,0,0,0,0,0
django__django-11820,unresolved,unknown,18,22,0,17,12,1.2222222222222223,5,4.4,0.18181818181818182,11,2,22,1:cd,4,0.26,middle,4,1.0,False,1,1.0,3,3.0,True,0,False,False,7,3,True,True,True,N/A,4,4.0,1,4,0,0,0,0
django__django-11179,resolved,unknown,9,13,0,9,5,1.4444444444444444,5,2.6,0.3076923076923077,4,2,13,1:cd,4,0.29,middle,2,1.33,True,1,1.0,1,1.0,False,0,False,False,1,1,False,False,False,N/A,0,0.0,0,0,0,0,0,0
matplotlib__matplotlib-22719,resolved,unknown,55,78,2,63,20,1.2727272727272727,20,7.05,0.19230769230769232,14,2,80,0:cd,13,0.18,early,10,1.17,True,2,1.25,9,5.5,True,1,False,False,28,7,False,False,True,"('localization',)",13,3.5,6,21,0,0,0,0
django__django-14122,unresolved,unknown,23,31,1,12,8,1.3043478260869565,8,3.375,0.25806451612903225,5,2,32,0:cd,9,0.44,early,5,1.0,False,2,2.0,1,1.0,False,0,False,False,1,1,False,False,False,N/A,0,0.0,0,0,0,0,0,0
sympy__sympy-18698,unresolved,unknown,25,30,5,27,21,1.08,3,3.6666666666666665,0.1,4,3,35,18:set_env,4,0.52,early,1,1.0,False,2,1.83,5,4.0,False,2,False,False,6,4,False,False,False,N/A,1,1.0,2,2,0,0,0,0
sympy__sympy-19783,unresolved,unknown,66,100,7,83,31,1.3333333333333333,28,6.607142857142857,0.22,20,1,107,0:cd,16,0.14,early,7,1.17,True,3,2.0,6,4.0,True,0,False,True,51,11,False,True,False,"('localization',)",30,6.67,6,37,0,0,3,0
sympy__sympy-15875,unresolved,unknown,38,39,12,39,36,1.0263157894736843,2,3.0,0.05128205128205128,4,2,51,33:python,3,0.75,mixed,3,1.0,False,4,1.87,8,5.0,True,2,False,True,6,3,False,False,False,N/A,2,1.5,2,3,0,0,0,0
pydata__xarray-3151,resolved,unknown,25,34,5,23,17,1.24,8,6.25,0.14705882352941177,10,2,39,0:cd,4,0.29,mixed,7,1.11,True,3,2.5,3,1.67,True,0,False,False,10,5,False,False,False,"('localization',)",2,1.25,4,5,0,0,0,0
sphinx-doc__sphinx-7748,unresolved,unknown,19,26,2,17,12,1.263157894736842,6,3.6666666666666665,0.23076923076923078,9,2,28,0:cd,7,0.3,early,2,1.0,False,2,2.0,2,1.5,True,0,False,False,3,3,False,False,False,N/A,0,0.0,0,0,0,0,0,0
sympy__sympy-16450,resolved,unknown,32,38,3,36,19,1.1875,7,4.857142857142857,0.18421052631578946,16,2,41,7:python,6,0.21,early,5,1.14,True,3,2.5,3,2.0,True,0,False,True,13,6,False,False,False,"('localization',)",3,1.75,4,7,0,0,0,0
django__django-11815,resolved,unknown,14,17,0,8,7,1.2142857142857142,4,3.0,0.17647058823529413,4,2,17,1:cd,5,0.39,middle,4,1.0,False,1,1.0,1,1.0,False,0,False,False,1,1,False,False,False,N/A,0,0.0,0,0,0,0,0,0
django__django-11999,resolved,unknown,13,14,0,10,11,1.0769230769230769,2,6.5,0.14285714285714285,11,2,14,0:cd,3,0.4,middle,2,1.0,False,1,1.0,3,3.0,False,0,False,False,2,1,False,False,False,N/A,1,1.0,1,1,0,0,0,0
pytest-dev__pytest-5787,unresolved,unknown,29,37,1,20,13,1.2413793103448276,8,4.375,0.21621621621621623,8,2,38,1:cd,9,0.66,mixed,10,1.04,True,2,1.2,5,3.0,True,1,False,False,0,0,False,False,False,N/A,0,0.0,0,0,0,0,0,0
sphinx-doc__sphinx-8548,unresolved,unknown,49,52,8,42,41,1.0612244897959184,4,2.75,0.038461538461538464,7,1,60,1:cd,2,0.42,early,6,1.05,True,3,1.75,6,3.67,True,0,False,False,18,6,True,False,True,"('validation',)",7,4.0,3,11,0,0,1,0
django__django-11133,resolved,unknown,42,62,7,47,18,1.3095238095238095,15,3.8,0.2903225806451613,11,1,69,0:cd,8,0.44,mixed,14,1.33,True,3,1.8,11,6.67,True,0,False,False,11,7,False,False,False,"('localization',)",1,1.0,4,4,0,0,0,0
django__django-12774,unresolved,unknown,17,22,0,14,9,1.2941176470588236,6,3.5,0.22727272727272727,8,2,22,0:cd,7,0.48,mixed,7,1.0,False,1,1.0,5,5.0,False,3,False,False,2,2,False,False,False,N/A,0,0.0,0,0,0,0,0,0
scikit-learn__scikit-learn-12973,resolved,unknown,14,17,5,13,9,1.2142857142857142,4,2.0,0.17647058823529413,2,2,22,4:cd,4,0.61,mixed,5,1.1,True,3,3.0,2,2.0,True,0,False,True,2,2,False,False,False,N/A,0,0.0,0,0,0,0,0,0
sphinx-doc__sphinx-7454,unresolved,unknown,60,75,7,64,31,1.2166666666666666,38,13.657894736842104,0.18666666666666668,22,2,82,0:cd,6,0.36,mixed,14,1.17,True,3,1.56,12,7.0,True,0,False,True,27,9,True,True,True,"('localization',)",8,2.57,7,18,0,0,0,0
django__django-15252,unresolved,unknown,12,16,0,11,8,1.3333333333333333,5,2.4,0.25,4,2,16,5:cd,5,0.12,early,2,1.0,False,1,1.0,1,1.0,False,0,False,False,3,2,False,False,False,N/A,1,1.0,1,1,0,0,0,0
astropy__astropy-14598,unresolved,unknown,42,53,10,44,25,1.1666666666666667,8,6.25,0.1320754716981132,19,2,63,1:cd,9,0.41,early,7,1.0,False,4,2.25,8,2.75,True,0,False,True,13,7,False,True,False,"('localization',)",3,1.5,4,5,0,0,1,0
django__django-15851,resolved,unknown,26,32,0,15,21,1.1923076923076923,6,3.6666666666666665,0.15625,7,2,32,0:cd,5,0.09,early,1,1.0,False,1,1.0,2,2.0,False,1,False,False,4,4,True,False,False,N/A,0,0.0,0,0,0,0,0,0
django__django-15930,unresolved,unknown,18,23,2,19,12,1.2222222222222223,5,2.4,0.21739130434782608,3,1,25,1:cd,5,0.42,middle,7,1.11,True,2,1.5,3,2.5,True,0,False,False,8,1,False,True,True,N/A,7,7.0,1,7,0,0,0,0
django__django-14608,unresolved,unknown,35,46,2,30,18,1.3142857142857143,12,3.5,0.2608695652173913,14,2,48,0:cd,13,0.51,early,8,1.0,False,2,1.15,13,7.5,True,2,False,False,2,2,False,False,False,N/A,0,0.0,0,0,0,0,0,0
matplotlib__matplotlib-22865,unresolved,unknown,18,22,2,15,13,1.1666666666666667,4,5.25,0.13636363636363635,8,3,24,0:cd,5,0.35,early,3,1.0,False,3,2.0,2,1.33,True,0,False,False,5,2,False,False,False,N/A,3,3.0,1,3,0,0,0,0
django__django-14500,unresolved,unknown,13,18,1,11,7,1.3076923076923077,5,3.2,0.2222222222222222,5,2,19,1:cd,6,0.42,mixed,6,1.0,False,2,2.0,1,1.0,False,0,False,False,1,1,False,False,False,N/A,0,0.0,0,0,0,0,0,0
scikit-learn__scikit-learn-13142,resolved,unknown,14,13,0,13,13,0.9285714285714286,0,0.0,0.0,0,0,13,0:cd,1,0.57,middle,3,1.0,False,1,1.0,6,6.0,True,0,False,False,4,1,False,False,True,"('localization',)",3,3.0,1,3,0,0,0,0
scikit-learn__scikit-learn-14496,resolved,unknown,14,15,1,10,10,1.0714285714285714,2,2.5,0.13333333333333333,3,2,16,6:cd,3,0.19,early,2,1.0,False,2,2.0,1,1.0,True,0,False,False,3,2,False,False,False,"('localization',)",1,1.0,1,0,0,1,0,0
scikit-learn__scikit-learn-14087,unresolved,unknown,26,36,6,30,16,1.2692307692307692,9,5.444444444444445,0.2222222222222222,9,2,42,1:cd,7,0.22,early,3,1.14,True,3,3.0,3,2.0,True,0,False,True,13,2,False,True,False,N/A,7,5.5,2,11,0,0,0,0
django__django-15103,resolved,unknown,22,29,2,21,11,1.2727272727272727,7,3.857142857142857,0.27586206896551724,9,2,31,0:cd,7,0.43,early,6,1.08,True,2,1.5,5,4.0,True,0,False,True,6,2,False,False,False,"('localization',)",4,4.0,1,4,0,0,0,0
django__django-14238,resolved,unknown,8,7,2,6,7,0.875,0,0.0,0.0,0,0,9,0:cd,1,0.75,middle,1,1.0,False,3,3.0,1,1.0,True,0,False,False,1,1,False,False,False,N/A,0,0.0,0,0,0,0,0,0
sympy__sympy-23950,resolved,unknown,7,10,0,7,5,1.2857142857142858,3,3.0,0.3,4,2,10,0:cd,4,0.36,early,2,1.0,False,1,1.0,1,1.0,False,0,False,False,1,1,False,False,False,N/A,0,0.0,0,0,0,0,0,0
sympy__sympy-13878,unresolved,unknown,38,47,1,40,27,1.236842105263158,12,5.416666666666667,0.1702127659574468,15,2,48,22:cd,6,0.17,mixed,6,1.33,True,2,2.0,3,2.0,False,0,False,True,28,19,True,True,False,"('localization',)",2,1.29,7,8,0,1,0,0
sphinx-doc__sphinx-9673,resolved,unknown,13,14,0,9,10,1.0,1,4.0,0.07142857142857142,4,4,14,7:cd,2,0.27,early,2,1.0,False,1,1.0,2,2.0,False,1,False,False,3,3,True,False,False,N/A,0,0.0,0,0,0,0,0,0
django__django-16569,resolved,unknown,15,22,0,12,7,1.4666666666666666,8,2.625,0.36363636363636365,6,2,22,0:cd,9,0.13,early,3,1.0,False,1,1.0,1,1.0,False,0,False,False,1,1,False,False,False,N/A,0,0.0,0,0,0,0,0,0
scikit-learn__scikit-learn-25102,unresolved,unknown,39,48,4,42,24,1.1282051282051282,6,7.5,0.125,15,2,52,0:cd,6,0.47,mixed,8,1.0,False,3,1.29,14,6.0,True,0,False,True,14,8,False,True,False,"('localization',)",2,1.5,4,6,0,0,0,0
sympy__sympy-21847,resolved,unknown,6,7,0,5,4,1.1666666666666667,2,3.0,0.2857142857142857,4,2,7,0:cd,3,0.25,early,1,1.0,False,1,1.0,1,1.0,False,0,False,False,1,1,False,False,False,N/A,0,0.0,0,0,0,0,0,0
django__django-15277,resolved,unknown,34,51,2,39,13,1.2647058823529411,14,5.857142857142857,0.21568627450980393,8,3,53,6:cd,8,0.23,early,5,1.2,True,3,1.4,5,2.33,True,0,False,False,13,10,True,False,False,"('localization',)",1,1.0,3,3,0,0,0,0
pylint-dev__pylint-8898,unresolved,unknown,18,25,0,13,13,1.2222222222222223,5,4.2,0.16,10,2,25,0:cd,6,0.23,early,1,1.0,False,1,1.0,1,1.0,False,0,False,False,2,2,False,False,False,N/A,0,0.0,0,0,0,0,0,0
psf__requests-2317,unresolved,unknown,32,39,3,38,20,1.21875,8,4.375,0.20512820512820512,11,2,42,19:python,5,0.2,early,4,1.0,False,3,1.75,4,2.33,True,0,False,True,17,10,False,False,False,"('localization',)",3,1.4,5,6,0,1,0,0
matplotlib__matplotlib-23412,resolved,unknown,15,15,0,9,14,1.0,1,11.0,0.06666666666666667,11,11,15,0:cd,2,0.31,early,2,1.0,False,1,1.0,3,3.0,True,0,False,False,1,1,False,False,False,N/A,0,0.0,0,0,0,0,0,0
sympy__sympy-16792,unresolved,unknown,39,55,2,36,21,1.2820512820512822,22,7.590909090909091,0.21818181818181817,16,1,57,13:cd,6,0.32,early,8,1.0,False,2,1.14,8,4.5,True,0,False,False,13,3,False,True,False,"('localization',)",8,5.0,2,10,0,0,0,0
sympy__sympy-12481,resolved,unknown,21,28,0,18,13,1.2857142857142858,8,3.875,0.21428571428571427,9,2,28,0:cd,7,0.21,early,3,1.0,False,1,1.0,3,3.0,True,0,False,False,2,1,False,False,False,N/A,1,1.0,1,1,0,0,0,0
sympy__sympy-12096,unresolved,unknown,31,40,6,39,14,1.2903225806451613,11,3.5454545454545454,0.225,6,1,46,9:python,8,0.24,early,6,1.11,True,4,3.0,4,1.75,True,0,False,True,19,9,False,True,False,"('localization',)",7,2.5,4,9,0,0,1,0
sympy__sympy-24066,unresolved,unknown,19,26,2,20,11,1.263157894736842,6,4.166666666666667,0.19230769230769232,8,2,28,0:cd,7,0.22,early,5,1.0,False,2,2.0,2,1.5,False,0,False,False,8,4,False,False,False,"('localization',)",2,1.33,3,4,0,0,0,0
django__django-13794,unresolved,unknown,13,16,0,13,10,1.2307692307692308,5,5.6,0.25,10,2,16,0:cd,4,0.47,middle,2,1.0,False,1,1.0,4,4.0,True,0,False,False,1,1,False,False,False,N/A,0,0.0,0,0,0,0,0,0
django__django-16901,resolved,unknown,15,23,0,11,7,1.4,7,2.7142857142857144,0.2608695652173913,4,2,23,0:cd,8,0.17,early,3,1.33,True,1,1.0,1,1.0,False,0,False,False,1,1,False,False,False,N/A,0,0.0,0,0,0,0,0,0
pydata__xarray-4094,unresolved,unknown,10,11,1,9,7,1.1,2,4.0,0.18181818181818182,5,3,12,0:cd,3,0.58,mixed,4,1.0,False,2,1.33,3,2.0,True,0,False,True,2,1,False,False,False,"('localization',)",1,1.0,1,1,0,0,0,0
matplotlib__matplotlib-23299,unresolved,unknown,61,70,6,61,46,1.1147540983606556,10,13.9,0.08571428571428572,27,2,76,0:cd,4,0.35,early,9,1.09,True,3,1.54,8,5.0,True,0,False,True,31,4,False,True,True,"('localization',)",15,6.75,4,25,0,0,2,0
scikit-learn__scikit-learn-10908,unresolved,unknown,20,25,1,22,17,1.15,4,5.5,0.2,12,1,26,0:cd,4,0.46,early,5,1.0,False,2,1.12,8,4.5,True,0,False,False,9,1,False,True,False,N/A,8,8.0,1,8,0,0,0,0
django__django-16485,resolved,unknown,8,11,0,7,5,1.375,4,3.25,0.36363636363636365,4,3,11,0:cd,4,0.25,early,2,1.0,False,1,1.0,1,1.0,False,0,False,False,2,2,False,False,False,N/A,0,0.0,0,0,0,0,0,0
astropy__astropy-7336,resolved,unknown,14,17,0,11,10,1.1428571428571428,3,3.0,0.17647058823529413,4,2,17,1:cd,4,0.11,early,2,1.0,False,1,1.0,1,1.0,False,0,False,False,2,2,False,False,False,N/A,0,0.0,0,0,0,0,0,0
django__django-13033,unresolved,unknown,36,55,0,37,11,1.3611111111111112,14,3.7142857142857144,0.23636363636363636,7,2,55,1:cd,15,0.34,early,11,1.06,True,1,1.0,10,10.0,True,0,False,False,7,2,False,False,True,"('localization',)",3,1.67,3,5,0,0,0,0
sphinx-doc__sphinx-9602,unresolved,unknown,7,7,0,5,6,1.0,1,2.0,0.0,2,2,7,0:cd,2,0.5,middle,2,1.0,False,1,1.0,1,1.0,False,0,False,False,2,2,False,False,False,N/A,0,0.0,0,0,0,0,0,0
astropy__astropy-14096,unresolved,unknown,35,41,1,41,18,1.1714285714285715,8,4.25,0.17073170731707318,6,2,42,9:python,6,0.19,early,3,1.14,True,2,1.25,4,2.5,True,0,False,True,22,12,False,False,False,N/A,3,1.43,7,10,0,0,0,0
django__django-13109,resolved,unknown,8,11,0,7,4,1.375,4,2.5,0.36363636363636365,4,2,11,0:cd,5,0.33,early,3,1.0,False,1,1.0,1,1.0,False,0,False,False,1,1,False,False,False,N/A,0,0.0,0,0,0,0,0,0
django__django-14580,resolved,unknown,31,31,2,22,29,1.0,1,2.0,0.03225806451612903,2,2,33,9:str_replace_editor: view,2,0.5,early,4,1.07,True,3,1.29,7,3.0,True,2,False,False,2,1,False,False,False,"('localization',)",1,1.0,1,1,0,0,0,0
pydata__xarray-3095,unresolved,unknown,25,35,4,31,17,1.32,14,7.071428571428571,0.22857142857142856,15,2,39,0:cd,5,0.31,early,5,1.38,True,3,2.5,4,2.67,True,0,False,True,14,3,False,True,True,N/A,10,5.5,2,11,0,0,0,0
django__django-14315,unresolved,unknown,17,30,1,12,9,1.2941176470588236,6,3.5,0.2,5,2,31,0:cd,8,0.42,mixed,7,1.3,True,2,1.5,2,1.5,False,1,False,False,1,1,False,False,False,N/A,0,0.0,0,0,0,0,0,0
matplotlib__matplotlib-24627,resolved,unknown,27,27,1,26,26,1.0,1,4.0,0.037037037037037035,4,4,28,0:think,2,0.86,mixed,2,1.0,False,2,1.05,20,10.5,True,1,False,False,1,1,False,False,False,N/A,0,0.0,0,0,0,0,0,0
django__django-15315,resolved,unknown,19,22,0,20,14,1.0526315789473684,2,6.5,0.09090909090909091,7,6,22,8:set_env,3,0.22,early,1,1.0,False,1,1.0,3,3.0,False,0,False,False,2,1,False,False,False,N/A,1,1.0,1,1,0,0,0,0
django__django-13158,unresolved,unknown,16,23,3,15,9,1.3125,6,3.5,0.21739130434782608,9,2,26,1:cd,7,0.46,middle,4,1.22,True,2,2.0,3,2.0,False,0,False,True,1,1,False,False,False,N/A,0,0.0,0,0,0,0,0,0
scikit-learn__scikit-learn-13439,resolved,unknown,12,16,0,9,7,1.25,4,2.75,0.1875,4,2,16,1:cd,5,0.24,early,3,1.33,True,1,1.0,1,1.0,False,0,False,False,1,1,False,False,False,N/A,0,0.0,0,0,0,0,0,0
sympy__sympy-19495,unresolved,unknown,54,67,5,64,21,1.2407407407407407,17,7.0,0.208955223880597,15,2,72,8:python,10,0.19,mixed,8,1.3,True,3,1.83,4,3.0,True,0,False,True,30,7,False,False,True,"('localization',)",10,3.83,6,22,0,0,1,0
pydata__xarray-3677,resolved,unknown,16,17,2,16,15,1.0,1,5.0,0.058823529411764705,5,5,19,11:cd,2,0.56,early,2,1.0,False,2,1.29,6,4.0,True,1,False,True,3,2,False,False,False,"('localization',)",1,1.0,1,1,0,0,0,0
astropy__astropy-14182,unresolved,unknown,34,48,5,41,21,1.2647058823529411,12,6.333333333333333,0.1875,13,2,53,0:cd,7,0.29,mixed,11,1.27,True,4,2.6,4,2.75,True,1,False,True,18,7,False,True,False,"('localization',)",6,2.75,4,11,0,0,0,0
django__django-15916,unresolved,unknown,21,30,1,22,15,1.2380952380952381,9,4.888888888888889,0.2,9,2,31,7:cd,5,0.13,early,2,1.0,False,2,2.0,1,1.0,True,0,False,True,1,1,False,False,False,N/A,0,0.0,0,0,0,0,0,0
sympy__sympy-15017,resolved,unknown,31,50,0,36,13,1.3225806451612903,12,5.083333333333333,0.2,10,2,50,5:cd,11,0.12,early,3,1.0,False,1,1.0,3,3.0,False,1,False,False,9,8,False,False,False,N/A,1,1.0,1,0,0,1,0,0
django__django-13346,resolved,unknown,16,22,2,13,7,1.375,7,2.857142857142857,0.2727272727272727,5,2,24,0:cd,8,0.26,early,3,1.0,False,2,2.0,2,1.5,False,0,False,False,2,1,False,False,False,"('localization',)",1,1.0,1,1,0,0,0,0
django__django-16950,unresolved,unknown,22,29,1,24,20,1.2272727272727273,6,5.0,0.1724137931034483,18,1,30,4:cd,4,0.5,middle,5,1.07,True,2,1.17,6,3.5,True,1,False,True,4,2,False,False,False,"('localization',)",2,2.0,1,2,0,0,0,0
scikit-learn__scikit-learn-25973,unresolved,unknown,11,15,0,12,7,1.1818181818181819,3,4.333333333333333,0.2,5,4,15,1:cd,4,0.12,early,1,1.0,False,1,1.0,1,1.0,False,0,False,False,5,4,False,False,False,N/A,1,1.0,1,1,0,0,0,0
django__django-13741,resolved,unknown,16,29,2,24,8,1.5,9,2.888888888888889,0.41379310344827586,6,1,31,0:think,13,0.27,middle,6,1.0,False,2,2.0,2,1.5,False,0,False,False,2,2,False,False,False,N/A,0,0.0,0,0,0,0,0,0
astropy__astropy-14539,resolved,unknown,14,19,1,13,11,1.2142857142857142,4,4.25,0.10526315789473684,10,2,20,0:cd,5,0.3,early,3,1.0,False,2,2.0,1,1.0,True,0,False,True,5,4,False,False,False,"('localization',)",1,1.0,1,1,0,0,0,0
django__django-16315,unresolved,unknown,16,21,0,16,7,1.3125,6,2.8333333333333335,0.23809523809523808,4,2,21,1:cd,6,0.5,mixed,7,1.1,True,1,1.0,5,5.0,True,1,False,False,4,3,False,False,False,"('localization',)",1,1.0,1,1,0,0,0,0
sympy__sympy-20916,unresolved,unknown,19,21,1,18,12,1.105263157894737,3,5.0,0.09523809523809523,8,2,22,5:cd,4,0.73,mixed,4,1.0,False,2,1.14,7,4.0,True,2,False,False,1,1,False,False,False,N/A,0,0.0,0,0,0,0,0,0
django__django-15572,resolved,unknown,15,19,0,9,9,1.2666666666666666,5,3.0,0.2631578947368421,6,2,19,0:cd,6,0.25,early,2,1.0,False,1,1.0,1,1.0,False,0,False,False,2,2,False,False,False,N/A,0,0.0,0,0,0,0,0,0
sphinx-doc__sphinx-8265,unresolved,unknown,19,25,2,18,9,1.3157894736842106,7,2.7142857142857144,0.24,4,2,27,0:cd,8,0.58,mixed,9,1.0,False,2,1.4,5,3.5,True,1,False,True,3,1,False,False,False,"('localization',)",2,2.0,1,2,0,0,0,0
sympy__sympy-15599,unresolved,unknown,8,10,0,8,6,1.125,2,4.0,0.2,5,3,10,0:cd,3,0.27,early,1,1.0,False,1,1.0,1,1.0,False,1,False,False,1,1,False,False,False,N/A,0,0.0,0,0,0,0,0,0
sphinx-doc__sphinx-8721,resolved,unknown,11,12,2,7,9,1.0909090909090908,2,4.0,0.16666666666666666,6,2,14,0:cd,3,0.31,early,1,1.0,False,2,2.0,2,1.5,False,0,False,True,1,1,False,False,False,N/A,0,0.0,0,0,0,0,0,0
sympy__sympy-11618,resolved,unknown,11,14,0,10,7,1.2727272727272727,4,3.25,0.21428571428571427,6,2,14,0:cd,5,0.33,middle,3,1.0,False,1,1.0,2,2.0,False,0,False,False,1,1,False,False,False,N/A,0,0.0,0,0,0,0,0,0
django__django-12858,resolved,unknown,17,25,3,16,8,1.411764705882353,8,3.0,0.28,6,2,28,0:cd,8,0.42,early,6,1.1,True,2,2.0,3,2.5,True,0,False,True,1,1,False,False,False,N/A,0,0.0,0,0,0,0,0,0
pytest-dev__pytest-10051,unresolved,unknown,13,14,3,11,11,1.0769230769230769,2,6.5,0.14285714285714285,8,5,17,0:cd,3,0.67,mixed,2,1.0,False,2,2.0,3,3.0,True,0,False,True,1,1,False,False,False,N/A,0,0.0,0,0,0,0,0,0
django__django-11400,unresolved,unknown,15,19,5,13,10,1.2666666666666666,5,3.6,0.2631578947368421,6,2,24,0:cd,6,0.35,early,3,1.0,False,3,3.0,2,1.67,True,0,False,True,2,2,False,False,False,N/A,0,0.0,0,0,0,0,0,0
pydata__xarray-3305,resolved,unknown,18,20,2,19,17,1.1111111111111112,3,6.333333333333333,0.15,17,1,22,0:cd,2,0.57,early,1,1.09,True,3,1.4,5,2.33,True,0,False,True,6,3,False,True,False,N/A,2,1.5,2,3,0,0,0,0
django__django-16938,unresolved,unknown,38,46,3,39,19,1.1578947368421053,7,5.428571428571429,0.15217391304347827,12,1,49,1:cd,7,0.77,mixed,8,1.09,True,3,1.5,6,3.0,True,2,False,True,1,1,False,False,False,N/A,0,0.0,0,0,0,0,0,0
matplotlib__matplotlib-20488,resolved,unknown,18,26,0,14,9,1.3333333333333333,7,3.0,0.23076923076923078,6,1,26,1:cd,6,0.22,early,5,1.2,True,1,1.0,2,2.0,True,0,False,False,4,1,False,True,False,"('localization',)",3,3.0,1,3,0,0,0,0
scikit-learn__scikit-learn-25931,resolved,unknown,7,7,0,6,6,1.0,1,6.0,0.14285714285714285,6,6,7,0:cd,2,0.38,middle,1,1.0,False,1,1.0,2,2.0,False,0,False,False,2,2,False,False,False,N/A,0,0.0,0,0,0,0,0,0
matplotlib__matplotlib-25287,resolved,unknown,51,77,5,64,20,1.4901960784313726,59,6.966101694915254,0.2987012987012987,13,1,82,0:cd,14,0.41,mixed,21,1.19,True,3,1.57,11,6.0,True,0,False,True,18,11,False,True,False,"('localization',)",2,1.4,5,7,0,0,0,0
sphinx-doc__sphinx-10673,unresolved,unknown,28,32,1,15,22,1.1428571428571428,6,9.0,0.125,19,2,33,0:cd,3,0.24,early,3,1.0,False,2,1.25,4,2.5,True,0,False,False,5,4,True,False,False,N/A,1,1.0,1,1,0,0,0,0
sympy__sympy-20590,unresolved,unknown,27,35,4,30,17,1.2962962962962963,11,4.545454545454546,0.2571428571428571,7,1,39,0:think,5,0.53,middle,5,1.0,False,3,1.67,6,3.33,True,1,False,True,4,3,False,False,True,"('localization', 'general')",1,1.0,1,1,0,0,0,0
matplotlib__matplotlib-26342,resolved,unknown,9,8,2,7,8,0.8888888888888888,0,0.0,0.0,0,0,10,0:cd,1,0.78,mixed,1,1.0,False,3,3.0,1,1.0,True,0,False,True,1,1,False,False,False,N/A,0,0.0,0,0,0,0,0,0
scikit-learn__scikit-learn-13496,resolved,unknown,18,17,1,16,17,0.9444444444444444,0,0.0,0.0,0,0,18,0:cd,1,0.78,mixed,3,1.0,False,2,1.14,7,4.0,True,2,False,False,2,2,False,False,False,N/A,0,0.0,0,0,0,0,0,0
django__django-13786,unresolved,unknown,9,12,0,8,5,1.3333333333333333,4,2.0,0.25,2,2,12,0:cd,5,0.46,mixed,5,1.0,False,1,1.0,1,1.0,False,0,False,False,2,1,False,False,False,N/A,1,1.0,1,1,0,0,0,0
sphinx-doc__sphinx-9461,unresolved,unknown,12,12,1,10,10,1.0,1,4.0,0.08333333333333333,4,4,13,7:cd,2,0.54,mixed,2,1.0,False,2,2.0,1,1.0,False,0,False,False,1,1,False,False,False,N/A,0,0.0,0,0,0,0,0,0
django__django-11728,unresolved,unknown,12,19,0,13,8,1.4166666666666667,7,3.0,0.3684210526315789,5,1,19,0:think,7,0.15,early,2,1.0,False,1,1.0,1,1.0,False,0,False,False,1,1,False,False,False,N/A,0,0.0,0,0,0,0,0,0
django__django-16877,unresolved,unknown,9,10,1,7,7,1.1111111111111112,2,4.5,0.2,7,2,11,0:cd,3,0.36,early,2,1.0,False,2,2.0,1,1.0,False,0,False,False,2,1,False,False,False,"('localization',)",1,1.0,1,1,0,0,0,0
django__django-15863,resolved,unknown,12,17,0,11,7,1.4166666666666667,6,2.8333333333333335,0.35294117647058826,5,2,17,1:cd,6,0.17,early,2,1.0,False,1,1.0,1,1.0,False,0,False,False,1,1,False,False,False,N/A,0,0.0,0,0,0,0,0,0
django__django-12713,resolved,unknown,17,25,0,15,8,1.411764705882353,8,3.0,0.28,6,2,25,0:cd,9,0.38,early,6,1.11,True,1,1.0,4,4.0,False,0,False,False,2,2,False,False,False,N/A,0,0.0,0,0,0,0,0,0
pydata__xarray-6599,unresolved,unknown,24,30,4,28,16,1.1666666666666667,5,4.2,0.2,7,2,34,12:python,5,0.32,early,5,1.11,True,3,2.4,3,2.33,True,1,False,False,9,4,False,False,False,"('localization',)",2,1.67,3,5,0,0,0,0
django__django-11451,resolved,unknown,10,15,0,9,4,1.5,6,2.3333333333333335,0.3333333333333333,4,2,15,0:cd,7,0.31,mixed,4,1.0,False,1,1.0,1,1.0,False,0,False,False,1,1,False,False,False,N/A,0,0.0,0,0,0,0,0,0
django__django-15278,resolved,unknown,5,5,0,4,4,1.0,1,4.0,0.2,4,4,5,0:cd,2,0.33,early,1,1.0,False,1,1.0,1,1.0,False,0,False,False,1,1,False,False,False,N/A,0,0.0,0,0,0,0,0,0
sympy__sympy-13647,resolved,unknown,10,12,1,9,7,1.2,3,3.6666666666666665,0.25,5,2,13,0:cd,4,0.38,early,2,1.0,False,2,1.5,2,1.5,True,0,False,True,1,1,False,False,False,N/A,0,0.0,0,0,0,0,0,0
astropy__astropy-8707,unresolved,unknown,28,31,3,27,21,1.1071428571428572,4,6.0,0.12903225806451613,12,2,34,1:cd,3,0.25,early,4,1.0,False,2,2.0,3,2.5,False,0,False,False,13,6,False,False,False,"('localization',)",2,1.75,4,7,0,0,0,0
scikit-learn__scikit-learn-11578,resolved,unknown,8,8,0,5,7,1.0,1,5.0,0.125,5,5,8,0:cd,2,0.22,early,1,1.0,False,1,1.0,1,1.0,False,0,False,False,1,1,False,False,False,N/A,0,0.0,0,0,0,0,0,0
django__django-15467,resolved,unknown,14,20,0,13,9,1.4285714285714286,7,3.142857142857143,0.3,6,2,20,0:cd,6,0.24,early,2,1.0,False,1,1.0,2,2.0,False,0,False,False,1,1,False,False,False,N/A,0,0.0,0,0,0,0,0,0
django__django-11740,unresolved,unknown,23,31,0,17,14,1.3043478260869565,8,3.25,0.25806451612903225,11,2,31,1:cd,9,0.28,early,4,1.0,False,1,1.0,4,4.0,True,0,False,False,2,1,False,False,False,"('localization',)",1,1.0,1,1,0,0,0,0
sphinx-doc__sphinx-9367,resolved,unknown,6,6,0,5,4,1.0,1,4.0,0.16666666666666666,4,4,6,1:cd,2,0.29,middle,1,1.0,False,1,1.0,1,1.0,False,0,False,False,1,1,False,False,False,N/A,0,0.0,0,0,0,0,0,0
django__django-14089,unresolved,unknown,19,24,2,18,13,1.1578947368421053,4,5.75,0.16666666666666666,11,3,26,0:cd,3,0.16,early,3,1.0,False,2,2.0,2,1.5,True,0,False,False,8,4,False,False,False,"('localization',)",3,2.0,2,2,0,0,2,0
django__django-16032,unresolved,unknown,29,40,3,22,10,1.3793103448275863,12,3.0,0.3,7,2,43,0:cd,12,0.32,middle,10,1.0,False,3,3.0,2,1.33,True,1,False,False,4,2,False,True,False,"('localization',)",2,2.0,1,2,0,0,0,0
astropy__astropy-14369,unresolved,unknown,30,41,0,35,17,1.2333333333333334,8,5.0,0.1951219512195122,10,1,41,0:cd,7,0.1,early,1,1.0,False,1,1.0,2,2.0,False,0,False,False,5,3,False,True,False,N/A,2,2.0,1,2,0,0,0,0
django__django-13212,unresolved,unknown,36,40,6,40,27,1.1111111111111112,5,2.6,0.125,4,2,46,16:str_replace_editor: str_replace,2,0.34,mixed,12,1.08,True,2,2.0,7,4.0,True,0,False,False,26,13,False,True,False,"('localization',)",5,2.6,5,9,0,3,1,0
django__django-11299,unresolved,unknown,9,10,1,8,7,1.1111111111111112,2,3.0,0.1,4,2,11,0:cd,3,0.64,mixed,3,1.0,False,2,1.33,3,2.0,False,1,False,False,1,1,False,False,False,N/A,0,0.0,0,0,0,0,0,0
sympy__sympy-13372,resolved,unknown,15,23,0,14,6,1.4666666666666666,8,2.5,0.34782608695652173,5,1,23,1:cd,8,0.12,early,2,1.0,False,1,1.0,1,1.0,False,0,False,False,1,1,False,False,False,N/A,0,0.0,0,0,0,0,0,0
django__django-15973,unresolved,unknown,19,24,0,21,16,1.2105263157894737,5,5.2,0.16666666666666666,15,2,24,1:cd,4,0.32,early,7,1.14,True,1,1.0,5,5.0,True,0,False,False,10,5,False,False,False,"('localization',)",3,1.67,3,5,0,0,0,0
django__django-11477,unresolved,unknown,13,19,0,10,7,1.3846153846153846,6,3.0,0.3157894736842105,5,2,19,0:cd,7,0.25,early,3,1.0,False,1,1.0,1,1.0,False,0,False,False,1,1,False,False,False,N/A,0,0.0,0,0,0,0,0,0
django__django-11265,unresolved,unknown,15,19,2,13,10,1.2666666666666666,5,3.6,0.2631578947368421,10,2,21,0:cd,6,0.3,early,3,1.0,False,2,2.0,2,1.5,True,0,False,False,3,1,False,False,False,N/A,2,2.0,1,2,0,0,0,0
matplotlib__matplotlib-25332,unresolved,unknown,27,30,10,27,24,1.1111111111111112,4,7.0,0.13333333333333333,22,1,40,0:cd,2,0.81,mixed,1,1.14,True,2,1.33,14,7.5,True,0,False,False,1,1,False,False,False,N/A,0,0.0,0,0,0,0,0,0
scikit-learn__scikit-learn-9288,unresolved,unknown,24,29,4,24,15,1.0833333333333333,3,4.666666666666667,0.10344827586206896,7,3,33,9:cd,4,0.17,early,1,1.0,False,3,3.0,2,1.33,False,0,False,False,13,6,False,False,False,N/A,4,1.75,4,6,0,1,0,0
django__django-16116,resolved,unknown,6,5,1,5,5,0.8333333333333334,0,0.0,0.0,0,0,6,0:think,1,0.5,middle,1,1.0,False,2,2.0,1,1.0,False,0,False,False,1,1,False,False,False,N/A,0,0.0,0,0,0,0,0,0
pytest-dev__pytest-5631,resolved,unknown,21,36,2,25,10,1.5238095238095237,13,3.6923076923076925,0.3055555555555556,7,2,38,0:cd,12,0.05,early,2,1.0,False,0,0.0,0,0.0,False,0,False,False,1,1,False,False,False,N/A,0,0.0,0,0,0,0,0,0
pydata__xarray-4075,resolved,unknown,7,8,0,6,5,1.1428571428571428,2,3.5,0.125,5,2,8,0:cd,3,0.33,middle,2,1.0,False,1,1.0,1,1.0,False,0,False,False,1,1,False,False,False,N/A,0,0.0,0,0,0,0,0,0
django__django-15380,resolved,unknown,6,7,0,6,5,1.1666666666666667,2,4.5,0.2857142857142857,5,4,7,0:think,2,0.25,middle,1,1.0,False,1,1.0,1,1.0,False,0,False,False,1,1,False,False,False,N/A,0,0.0,0,0,0,0,0,0
django__django-16899,unresolved,unknown,13,13,1,12,12,1.0,1,2.0,0.0,2,2,14,0:cd,2,0.71,middle,3,1.0,False,2,1.25,4,2.5,True,0,False,False,2,1,False,False,False,"('localization',)",1,1.0,1,1,0,0,0,0
sympy__sympy-18199,unresolved,unknown,15,18,0,14,11,1.2,4,4.25,0.16666666666666666,11,2,18,0:cd,5,0.53,middle,2,1.0,False,1,1.0,8,8.0,False,0,False,False,1,1,False,False,False,N/A,0,0.0,0,0,0,0,0,0
sympy__sympy-13757,unresolved,unknown,57,91,2,71,14,1.3508771929824561,23,5.043478260869565,0.21978021978021978,9,1,93,0:cd,18,0.16,early,8,1.0,False,2,1.25,7,4.5,True,0,False,True,44,21,True,True,False,"('localization',)",6,2.56,9,19,0,0,4,0
sympy__sympy-14976,unresolved,unknown,47,53,0,54,39,1.127659574468085,7,6.285714285714286,0.11320754716981132,26,1,53,10:python,3,0.19,early,4,1.0,False,1,1.0,4,4.0,True,0,False,False,33,9,True,True,False,"('localization',)",14,4.0,6,21,0,0,3,0
django__django-11433,unresolved,unknown,18,21,1,15,14,1.1666666666666667,4,5.0,0.19047619047619047,12,2,22,0:cd,5,0.45,early,4,1.0,False,2,1.25,4,2.5,True,0,False,False,2,1,False,False,False,"('localization',)",1,1.0,1,1,0,0,0,0
scikit-learn__scikit-learn-10844,resolved,unknown,7,8,0,6,5,1.1428571428571428,2,3.5,0.25,4,3,8,0:cd,3,0.22,early,1,1.0,False,1,1.0,1,1.0,False,0,False,False,1,1,False,False,False,N/A,0,0.0,0,0,0,0,0,0
sympy__sympy-17630,unresolved,unknown,9,13,0,10,7,1.2222222222222223,3,4.0,0.23076923076923078,6,3,13,0:cd,4,0.21,early,1,1.0,False,1,1.0,1,1.0,False,0,False,False,3,3,False,False,False,N/A,0,0.0,0,0,0,0,0,0
django__django-14170,unresolved,unknown,12,11,6,10,11,0.9166666666666666,0,0.0,0.0,0,0,17,0:cd,1,0.75,mixed,1,1.0,False,4,3.5,2,1.5,True,0,False,False,2,2,False,False,False,N/A,0,0.0,0,0,0,0,0,0
django__django-13569,unresolved,unknown,10,12,1,9,6,1.2,3,3.3333333333333335,0.25,6,2,13,1:cd,4,0.23,early,1,1.0,False,2,2.0,1,1.0,True,0,False,False,1,1,False,False,False,N/A,0,0.0,0,0,0,0,0,0
django__django-11087,unresolved,unknown,2,1,0,2,1,0.5,0,0.0,0.0,0,0,1,0:str_replace_editor: view,1,0.5,middle,1,1.0,False,1,1.0,1,1.0,False,0,False,False,1,1,False,False,False,N/A,0,0.0,0,0,0,0,0,0
sympy__sympy-16597,unresolved,unknown,24,34,0,24,15,1.1666666666666667,5,6.4,0.11764705882352941,10,2,34,0:cd,6,0.4,mixed,5,1.17,True,1,1.0,9,9.0,False,0,False,False,8,5,False,False,True,"('localization',)",2,1.5,2,3,0,0,0,0
sphinx-doc__sphinx-7910,unresolved,unknown,15,19,2,14,10,1.2666666666666666,5,3.6,0.21052631578947367,6,2,21,0:cd,6,0.2,early,4,1.0,False,2,2.0,1,1.0,True,0,False,False,2,1,False,False,False,"('localization',)",1,1.0,1,1,0,0,0,0
django__django-13590,unresolved,unknown,16,22,0,15,8,1.375,7,3.0,0.3181818181818182,6,2,22,0:cd,8,0.26,early,3,1.0,False,1,1.0,2,2.0,True,0,False,False,1,1,False,False,False,N/A,0,0.0,0,0,0,0,0,0
django__django-16662,resolved,unknown,6,7,0,5,4,1.1666666666666667,2,3.0,0.2857142857142857,4,2,7,0:cd,3,0.25,early,1,1.0,False,1,1.0,1,1.0,False,0,False,False,1,1,False,False,False,N/A,0,0.0,0,0,0,0,0,0
scikit-learn__scikit-learn-14894,resolved,unknown,11,18,2,15,8,1.4545454545454546,6,3.1666666666666665,0.3333333333333333,4,2,20,0:think,4,0.21,early,2,1.0,False,2,2.0,2,1.5,True,0,False,True,1,1,False,False,False,N/A,0,0.0,0,0,0,0,0,0
django__django-16527,resolved,unknown,14,23,0,13,5,1.6428571428571428,10,2.2,0.34782608695652173,4,2,23,2:cd,6,0.17,early,4,1.0,False,1,1.0,1,1.0,False,0,False,False,1,1,False,False,False,N/A,0,0.0,0,0,0,0,0,0
sphinx-doc__sphinx-9229,unresolved,unknown,10,9,0,9,9,0.9,0,0.0,0.0,0,0,9,0:cd,1,0.7,mixed,1,1.0,False,1,1.0,5,5.0,True,1,False,False,2,1,False,False,False,N/A,1,1.0,1,1,0,0,0,0
django__django-14631,unresolved,unknown,13,12,1,10,12,0.9230769230769231,0,0.0,0.0,0,0,13,0:think,1,0.62,middle,2,1.0,False,2,1.33,3,2.0,True,0,False,True,3,3,False,False,False,N/A,0,0.0,0,0,0,0,0,0
sphinx-doc__sphinx-9258,unresolved,unknown,34,40,3,32,24,1.1764705882352942,7,5.285714285714286,0.15,17,1,43,0:cd,6,0.39,early,8,1.0,False,3,1.57,6,3.0,True,0,False,False,14,2,True,True,False,"('validation', 'general', 'localization')",8,6.0,2,10,0,0,2,0
sympy__sympy-23413,unresolved,unknown,18,22,1,20,12,1.2222222222222223,6,4.0,0.18181818181818182,5,2,23,8:python3,4,0.13,early,2,1.0,False,1,1.0,1,1.0,False,0,False,False,2,2,False,False,False,N/A,0,0.0,0,0,0,0,0,0
django__django-13551,unresolved,unknown,8,11,0,7,4,1.375,4,2.5,0.36363636363636365,4,2,11,0:cd,5,0.25,early,2,1.0,False,1,1.0,1,1.0,False,0,False,False,1,1,False,False,False,N/A,0,0.0,0,0,0,0,0,0
django__django-13121,unresolved,unknown,20,26,5,18,12,1.25,6,2.3333333333333335,0.19230769230769232,3,2,31,6:cd,7,0.22,early,2,1.0,False,3,3.0,2,1.67,True,0,False,True,1,1,False,False,False,N/A,0,0.0,0,0,0,0,0,0
psf__requests-1766,unresolved,unknown,6,6,1,5,5,1.0,1,5.0,0.16666666666666666,5,5,7,0:cd,2,0.43,middle,1,1.0,False,2,2.0,1,1.0,False,0,False,True,1,1,False,False,False,N/A,0,0.0,0,0,0,0,0,0
django__django-17087,resolved,unknown,23,32,0,15,12,1.391304347826087,14,4.071428571428571,0.25,9,2,32,1:cd,7,0.09,early,2,1.0,False,1,1.0,1,1.0,False,0,False,False,6,6,True,False,False,N/A,0,0.0,0,0,0,0,0,0
sphinx-doc__sphinx-10323,unresolved,unknown,7,8,1,6,5,1.1428571428571428,2,2.0,0.125,2,2,9,0:cd,3,0.56,mixed,3,1.0,False,2,2.0,1,1.0,False,0,False,False,1,1,False,False,False,N/A,0,0.0,0,0,0,0,0,0
matplotlib__matplotlib-24149,resolved,unknown,8,8,1,6,7,1.0,1,6.0,0.125,6,6,9,0:cd,2,0.33,early,1,1.0,False,2,2.0,1,1.0,True,0,False,True,1,1,False,False,False,N/A,0,0.0,0,0,0,0,0,0
django__django-10554,unresolved,unknown,16,22,0,16,9,1.3125,6,3.3333333333333335,0.22727272727272727,6,2,22,1:cd,7,0.48,middle,6,1.0,False,1,1.0,5,5.0,False,0,False,False,3,1,False,False,True,N/A,2,2.0,1,2,0,0,0,0
sympy__sympy-15809,resolved,unknown,9,8,0,7,8,0.8888888888888888,0,0.0,0.0,0,0,8,0:cd,1,0.78,mixed,1,1.0,False,1,1.0,5,5.0,True,0,False,False,1,1,False,False,False,N/A,0,0.0,0,0,0,0,0,0
django__django-12273,unresolved,unknown,10,13,0,10,7,1.2,3,3.6666666666666665,0.15384615384615385,7,2,13,1:cd,4,0.5,middle,3,1.0,False,1,1.0,4,4.0,True,0,False,False,1,1,False,False,False,N/A,0,0.0,0,0,0,0,0,0
astropy__astropy-7671,resolved,unknown,10,9,0,10,9,0.9,0,0.0,0.0,0,0,9,0:grep,1,0.6,early,1,1.0,False,1,1.0,4,4.0,False,2,False,False,3,2,False,False,False,N/A,1,1.0,1,1,0,0,0,0
django__django-10973,resolved,unknown,11,13,0,9,8,1.1818181818181819,3,4.0,0.23076923076923078,6,2,13,0:cd,4,0.36,early,2,1.0,False,1,1.0,1,1.0,False,0,False,False,1,1,False,False,False,N/A,0,0.0,0,0,0,0,0,0
sphinx-doc__sphinx-9698,resolved,unknown,10,12,2,9,7,1.2,3,2.3333333333333335,0.16666666666666666,3,2,14,0:cd,4,0.54,mixed,4,1.0,False,3,3.0,1,1.0,True,0,False,True,2,1,False,False,False,N/A,1,1.0,1,1,0,0,0,0
django__django-12708,resolved,unknown,20,26,0,19,13,1.2,5,5.0,0.19230769230769232,10,3,26,0:cd,6,0.22,early,1,1.0,False,1,1.0,3,3.0,True,0,False,False,1,1,False,False,False,N/A,0,0.0,0,0,0,0,0,0
sphinx-doc__sphinx-8621,unresolved,unknown,13,18,1,12,5,1.3846153846153846,6,2.5,0.2777777777777778,3,2,19,0:cd,7,0.58,mixed,7,1.0,False,2,1.33,3,2.0,False,2,False,False,1,1,False,False,False,N/A,0,0.0,0,0,0,0,0,0
django__django-11555,unresolved,unknown,11,11,0,9,9,1.0,1,2.0,0.0,2,2,11,8:cd,2,0.5,early,1,1.0,False,1,1.0,3,3.0,False,1,False,False,1,1,False,False,False,N/A,0,0.0,0,0,0,0,0,0
django__django-13363,resolved,unknown,15,29,0,21,7,1.5333333333333334,9,2.888888888888889,0.3793103448275862,5,1,29,0:think,11,0.23,early,5,1.17,True,1,1.0,1,1.0,False,0,False,False,3,2,False,False,False,"('general',)",1,1.0,1,0,0,1,0,0
django__django-12754,unresolved,unknown,15,16,2,11,11,1.0666666666666667,2,6.0,0.125,8,4,18,0:cd,3,0.41,early,2,1.0,False,2,2.0,2,1.5,False,0,False,False,1,1,False,False,False,N/A,0,0.0,0,0,0,0,0,0
django__django-16801,resolved,unknown,9,12,0,8,4,1.3333333333333333,4,2.5,0.3333333333333333,4,2,12,1:cd,5,0.23,early,2,1.0,False,1,1.0,1,1.0,False,0,False,False,1,1,False,False,False,N/A,0,0.0,0,0,0,0,0,0
django__django-15563,unresolved,unknown,25,29,0,20,22,1.12,4,7.0,0.10344827586206896,21,2,29,0:cd,4,0.57,mixed,3,1.13,True,1,1.0,1,1.0,False,0,False,False,5,2,False,False,False,"('localization',)",2,1.5,2,3,0,0,0,0
pydata__xarray-6721,unresolved,unknown,27,32,3,22,22,1.0740740740740742,3,11.666666666666666,0.09375,19,5,35,14:cd,3,0.42,early,4,1.0,False,3,1.5,5,2.67,True,0,False,True,4,2,False,False,False,"('localization',)",2,2.0,1,2,0,0,0,0
django__django-14787,resolved,unknown,14,17,1,12,10,1.2142857142857142,4,4.0,0.23529411764705882,10,2,18,0:cd,5,0.28,early,3,1.0,False,2,1.5,2,1.5,True,0,False,False,2,1,False,False,False,"('localization',)",1,1.0,1,1,0,0,0,0
sympy__sympy-14531,unresolved,unknown,25,32,2,21,17,1.16,5,5.6,0.15625,12,2,34,0:cd,6,0.21,early,3,1.0,False,2,2.0,2,1.5,False,0,False,False,2,2,False,False,False,N/A,0,0.0,0,0,0,0,0,0
django__django-14725,unresolved,unknown,19,24,0,18,15,1.2105263157894737,5,4.6,0.16666666666666666,13,2,24,0:cd,5,0.36,middle,5,1.0,False,1,1.0,5,5.0,True,0,False,False,7,4,False,True,False,"('localization',)",2,1.5,2,3,0,0,0,0
django__django-12143,resolved,unknown,7,7,1,6,5,1.0,1,2.0,0.0,2,2,8,4:cd,2,0.38,early,1,1.0,False,2,2.0,1,1.0,False,0,False,False,1,1,False,False,False,N/A,0,0.0,0,0,0,0,0,0
sympy__sympy-24539,resolved,unknown,12,13,0,7,9,1.0833333333333333,2,4.5,0.15384615384615385,6,3,13,0:cd,3,0.21,early,1,1.0,False,1,1.0,1,1.0,False,0,False,False,1,1,False,False,False,N/A,0,0.0,0,0,0,0,0,0
django__django-14434,resolved,unknown,16,22,0,14,9,1.375,8,3.5,0.3181818181818182,6,1,22,0:cd,6,0.43,early,3,1.25,True,1,1.0,7,7.0,True,1,False,False,1,1,False,False,False,N/A,0,0.0,0,0,0,0,0,0
matplotlib__matplotlib-20676,unresolved,unknown,35,52,1,36,15,1.2285714285714286,9,5.555555555555555,0.17307692307692307,9,3,53,1:cd,9,0.26,early,5,1.0,False,2,1.25,4,2.5,True,0,False,False,15,5,False,True,False,N/A,4,2.5,4,10,0,0,0,0
sympy__sympy-19637,resolved,unknown,18,21,1,19,15,1.1111111111111112,3,2.6666666666666665,0.14285714285714285,4,2,22,2:grep,3,0.41,middle,5,1.29,True,2,1.25,4,2.5,True,0,False,True,3,1,False,False,False,"('localization',)",2,2.0,1,2,0,0,0,0
sympy__sympy-24443,unresolved,unknown,31,33,3,33,24,1.064516129032258,3,7.333333333333333,0.09090909090909091,13,4,36,8:python,3,0.24,early,5,1.14,True,3,3.0,2,1.67,True,0,False,True,17,4,False,False,False,"('localization',)",9,3.25,4,13,0,0,0,0
pylint-dev__pylint-7080,unresolved,unknown,26,26,0,19,25,1.0,1,24.0,0.038461538461538464,24,24,26,0:cd,2,0.44,early,2,1.0,False,1,1.0,7,7.0,False,0,False,False,4,3,False,False,False,"('localization',)",1,1.0,1,1,0,0,0,0
sympy__sympy-13852,unresolved,unknown,10,12,0,6,7,1.2,3,3.6666666666666665,0.16666666666666666,5,2,12,0:cd,4,0.46,early,3,1.0,False,0,0.0,0,0.0,False,0,False,False,1,1,False,False,False,N/A,0,0.0,0,0,0,0,0,0
matplotlib__matplotlib-23314,unresolved,unknown,18,25,0,12,7,1.3888888888888888,8,2.625,0.28,4,2,25,0:cd,9,0.27,early,4,1.0,False,1,1.0,1,1.0,False,0,False,False,1,1,False,False,False,N/A,0,0.0,0,0,0,0,0,0
sphinx-doc__sphinx-9281,resolved,unknown,22,34,1,20,11,1.3636363636363635,9,3.2222222222222223,0.23529411764705882,6,1,35,0:think,8,0.2,early,5,1.0,False,2,2.0,1,1.0,False,1,False,False,4,4,True,False,False,N/A,0,0.0,0,0,0,0,0,0
django__django-13279,resolved,unknown,7,7,0,6,6,1.0,1,4.0,0.14285714285714285,4,4,7,0:cd,2,0.38,late,2,1.0,False,1,1.0,2,2.0,False,0,False,False,2,2,False,False,False,N/A,0,0.0,0,0,0,0,0,0
mwaskom__seaborn-3187,unresolved,unknown,28,37,3,28,18,1.1785714285714286,6,5.5,0.16216216216216217,12,2,40,0:cd,7,0.24,early,4,1.0,False,2,1.67,4,3.0,True,0,False,False,7,4,False,False,False,"('localization',)",1,1.0,3,3,0,0,0,0
django__django-10880,resolved,unknown,12,15,1,9,6,1.25,4,2.5,0.2,3,2,16,4:cd,5,0.19,early,1,1.0,False,2,2.0,1,1.0,False,0,False,True,1,1,False,False,False,N/A,0,0.0,0,0,0,0,0,0
scikit-learn__scikit-learn-14629,unresolved,unknown,12,12,1,8,11,1.0,1,8.0,0.08333333333333333,8,8,13,0:cd,2,0.31,early,2,1.0,False,2,2.0,1,1.0,True,0,False,False,2,1,False,False,False,"('localization',)",1,1.0,1,1,0,0,0,0
django__django-15104,resolved,unknown,8,8,0,6,5,1.0,1,3.0,0.125,3,3,8,3:cd,2,0.22,early,1,1.0,False,1,1.0,1,1.0,False,0,False,False,1,1,False,False,False,N/A,0,0.0,0,0,0,0,0,0
django__django-16819,resolved,unknown,18,25,4,17,8,1.3888888888888888,9,3.6666666666666665,0.28,6,2,29,0:cd,8,0.54,mixed,6,1.08,True,2,1.83,5,3.5,True,1,False,True,2,2,False,False,False,N/A,0,0.0,0,0,0,0,0,0
sphinx-doc__sphinx-7440,resolved,unknown,26,32,2,21,16,1.2307692307692308,7,4.0,0.1875,8,2,34,0:cd,7,0.3,early,8,1.0,False,2,2.0,2,1.5,False,0,False,False,4,2,False,False,False,"('localization',)",2,2.0,1,2,0,0,0,0
django__django-15098,unresolved,unknown,55,79,4,46,32,1.2545454545454546,44,11.704545454545455,0.189873417721519,25,2,83,1:cd,7,0.15,early,4,1.0,False,3,1.5,6,3.33,True,2,False,True,8,5,True,False,False,"('localization',)",2,1.5,2,3,0,0,0,0
pydata__xarray-4356,resolved,unknown,10,11,0,6,8,1.1,2,5.0,0.18181818181818182,7,3,11,0:cd,3,0.42,early,1,1.0,False,1,1.0,2,2.0,True,0,False,False,1,1,False,False,False,N/A,0,0.0,0,0,0,0,0,0
pydata__xarray-4687,unresolved,unknown,36,37,3,36,33,1.0277777777777777,2,24.0,0.05405405405405406,26,22,40,0:cd,2,0.29,early,7,1.0,False,3,2.0,2,1.67,True,0,False,True,24,7,False,True,False,"('localization',)",4,2.83,6,16,0,0,1,0
scikit-learn__scikit-learn-26323,resolved,unknown,8,8,1,7,7,1.0,1,7.0,0.125,7,7,9,0:cd,2,0.56,middle,1,1.0,False,2,2.0,1,1.0,False,0,False,False,1,1,False,False,False,N/A,0,0.0,0,0,0,0,0,0
sympy__sympy-14248,unresolved,unknown,58,64,6,55,43,1.0862068965517242,9,16.77777777777778,0.078125,37,4,70,0:cd,4,0.31,early,10,1.0,False,3,1.75,6,4.0,True,0,False,True,29,7,False,False,True,"('localization',)",8,3.67,6,22,0,0,0,0
django__django-11066,resolved,unknown,4,3,0,4,3,0.75,0,0.0,0.0,0,0,3,0:think,1,0.5,middle,1,1.0,False,1,1.0,1,1.0,False,0,False,False,1,1,False,False,False,N/A,0,0.0,0,0,0,0,0,0
django__django-14007,unresolved,unknown,10,10,0,10,9,1.0,1,1.0,0.1,1,1,10,7:str_replace_editor: str_replace,2,0.36,early,3,1.0,False,1,1.0,3,3.0,True,0,False,False,6,3,False,True,False,"('localization',)",2,1.5,2,3,0,0,0,0
pylint-dev__pylint-6528,unresolved,unknown,32,38,3,30,26,1.125,5,5.8,0.13157894736842105,18,1,41,0:cd,4,0.26,early,4,1.0,False,3,2.5,2,1.67,True,1,False,True,16,2,False,True,True,"('localization',)",7,4.67,3,12,0,0,2,0
sympy__sympy-22914,resolved,unknown,23,29,1,29,12,1.2608695652173914,7,4.571428571428571,0.2413793103448276,9,2,30,6:python,7,0.2,early,3,1.2,True,2,2.0,2,1.5,False,0,False,True,16,10,True,True,False,"('localization',)",2,1.5,4,6,0,0,0,0
astropy__astropy-14995,unresolved,unknown,18,23,2,17,11,1.2777777777777777,6,3.6666666666666665,0.21739130434782608,10,2,25,0:cd,7,0.33,middle,7,1.0,False,3,2.0,2,1.33,True,1,False,True,5,2,False,False,False,"('localization',)",3,3.0,1,3,0,0,0,0
sympy__sympy-15976,unresolved,unknown,20,24,1,15,13,1.15,4,4.75,0.125,10,2,25,1:cd,4,0.2,middle,3,1.0,False,2,2.0,1,1.0,False,0,False,False,1,1,False,False,False,N/A,0,0.0,0,0,0,0,0,0
sphinx-doc__sphinx-11510,unresolved,unknown,15,15,0,13,14,1.0,1,2.0,0.0,2,2,15,0:cd,2,0.56,middle,2,1.0,False,1,1.0,6,6.0,True,1,False,False,5,4,False,False,False,N/A,1,1.0,1,1,0,0,0,0
django__django-16333,resolved,unknown,6,6,0,5,4,1.0,1,2.0,0.0,2,2,6,3:cd,2,0.29,early,1,1.0,False,1,1.0,1,1.0,False,0,False,False,1,1,False,False,False,N/A,0,0.0,0,0,0,0,0,0
django__django-13807,unresolved,unknown,10,12,0,9,7,1.2,3,3.6666666666666665,0.25,7,2,12,0:cd,4,0.15,early,1,1.0,False,1,1.0,1,1.0,False,0,False,False,4,2,False,False,False,N/A,1,1.0,2,2,0,0,0,0
django__django-15499,resolved,unknown,16,24,4,16,7,1.4375,8,2.875,0.2916666666666667,5,2,28,0:cd,9,0.56,mixed,8,1.0,False,2,1.8,4,3.0,True,1,False,False,1,1,False,False,False,N/A,0,0.0,0,0,0,0,0,0
sympy__sympy-12419,unresolved,unknown,37,60,0,37,11,1.3783783783783783,19,3.8947368421052633,0.2833333333333333,8,2,60,0:cd,16,0.33,early,11,1.11,True,1,1.0,6,6.0,True,0,False,False,13,7,False,False,True,"('localization',)",3,1.5,4,6,0,0,0,0
django__django-11099,resolved,unknown,12,15,0,10,8,1.25,4,3.5,0.2,8,2,15,0:cd,5,0.25,early,2,1.0,False,1,1.0,1,1.0,False,0,False,False,4,2,False,False,False,N/A,1,1.0,2,1,0,1,0,0
django__django-12965,unresolved,unknown,17,19,2,16,13,1.1176470588235294,3,2.6666666666666665,0.10526315789473684,3,2,21,0:cd,4,0.4,middle,5,1.0,False,2,1.67,2,2.0,False,1,False,False,8,4,False,False,False,"('localization',)",2,1.33,3,4,0,0,0,0
astropy__astropy-13236,unresolved,unknown,7,6,2,7,6,0.8571428571428571,0,0.0,0.0,0,0,8,0:grep,1,0.71,mixed,1,1.0,False,2,2.0,2,1.5,False,0,False,False,1,1,False,False,False,N/A,0,0.0,0,0,0,0,0,0
matplotlib__matplotlib-20859,resolved,unknown,23,36,2,26,14,1.2608695652173914,12,5.333333333333333,0.25,10,2,38,10:cd,6,0.24,early,5,1.12,True,2,1.67,4,3.0,True,1,False,True,8,5,False,False,False,"('localization',)",2,1.5,2,3,0,0,0,0
django__django-13344,unresolved,unknown,24,28,3,23,18,1.1666666666666667,5,2.2,0.14285714285714285,3,2,31,1:cd,6,0.41,middle,9,1.0,False,2,1.6,3,3.0,True,1,False,False,9,3,False,False,False,N/A,6,6.0,1,6,0,0,0,0
astropy__astropy-13977,unresolved,unknown,22,31,0,23,9,1.3181818181818181,8,3.25,0.22580645161290322,5,1,31,0:cd,8,0.31,early,5,1.11,True,1,1.0,4,4.0,True,0,False,False,10,3,False,False,True,N/A,4,2.33,3,7,0,0,0,0
django__django-11119,resolved,unknown,14,17,2,12,10,1.2142857142857142,4,4.0,0.23529411764705882,10,2,19,0:cd,5,0.39,early,1,1.0,False,3,1.67,3,1.67,True,1,False,True,2,1,False,False,False,N/A,1,1.0,1,1,0,0,0,0
pytest-dev__pytest-6202,resolved,unknown,16,21,0,15,10,1.25,5,3.8,0.23809523809523808,7,2,21,1:cd,6,0.5,late,4,1.0,False,1,1.0,1,1.0,False,0,False,False,0,0,False,False,False,N/A,0,0.0,0,0,0,0,0,0
sympy__sympy-18189,resolved,unknown,13,15,2,13,11,1.0769230769230769,2,2.5,0.06666666666666667,3,2,17,0:cd,3,0.38,middle,3,1.2,True,2,2.0,2,1.5,False,0,False,False,3,1,False,False,False,N/A,2,2.0,1,1,0,1,0,0
django__django-15732,unresolved,unknown,25,26,0,23,24,1.04,2,2.0,0.038461538461538464,3,1,26,0:cd,2,0.74,mixed,4,1.05,True,1,1.0,10,10.0,True,2,False,False,4,2,False,False,False,"('localization',)",2,2.0,1,2,0,0,0,0
django__django-16631,unresolved,unknown,25,37,2,23,14,1.36,11,2.909090909090909,0.21621621621621623,4,2,39,0:cd,10,0.53,late,11,1.05,True,2,1.29,6,4.0,True,2,False,True,2,2,False,False,False,N/A,0,0.0,0,0,0,0,0,0
sympy__sympy-17139,unresolved,unknown,7,11,0,8,5,1.2857142857142858,3,3.0,0.2727272727272727,4,2,11,1:cd,4,0.33,early,2,1.0,False,1,1.0,1,1.0,False,0,False,False,1,1,False,False,False,N/A,0,0.0,0,0,0,0,0,0
django__django-16612,unresolved,unknown,6,5,1,5,5,0.8333333333333334,0,0.0,0.0,0,0,6,0:pwd,1,0.67,middle,1,1.0,False,2,2.0,1,1.0,False,0,False,False,1,1,False,False,False,N/A,0,0.0,0,0,0,0,0,0
django__django-14915,resolved,unknown,16,21,1,11,10,1.25,7,3.5714285714285716,0.19047619047619047,5,2,22,1:cd,5,0.45,mixed,6,1.25,True,2,2.0,1,1.0,False,0,False,False,1,1,False,False,False,N/A,0,0.0,0,0,0,0,0,0
astropy__astropy-13398,unresolved,unknown,54,90,0,84,34,1.5925925925925926,595,16.21344537815126,0.3,29,1,90,0:cd,7,0.08,early,5,1.17,True,1,1.0,5,5.0,False,2,False,False,72,5,True,True,False,N/A,35,22.33,3,24,0,0,43,0
sympy__sympy-24562,unresolved,unknown,19,23,2,19,16,1.1578947368421053,4,5.5,0.17391304347826086,13,2,25,0:cd,5,0.42,early,3,1.0,False,2,1.2,6,3.5,True,0,False,False,4,2,False,False,False,"('localization',)",1,1.0,2,2,0,0,0,0
sympy__sympy-20428,unresolved,unknown,11,13,0,11,10,1.0909090909090908,2,6.0,0.15384615384615385,9,3,13,0:cd,3,0.43,early,1,1.0,False,1,1.0,4,4.0,False,1,False,False,3,3,False,False,False,N/A,0,0.0,0,0,0,0,0,0
pytest-dev__pytest-5840,unresolved,unknown,15,16,0,11,13,1.0666666666666667,2,7.5,0.125,13,2,16,0:cd,3,0.82,mixed,3,1.0,False,1,1.0,4,4.0,True,0,False,False,0,0,False,False,False,N/A,0,0.0,0,0,0,0,0,0
pylint-dev__pylint-6903,resolved,unknown,22,30,0,15,14,1.3181818181818181,10,4.5,0.2,11,2,30,0:cd,6,0.23,early,3,1.0,False,1,1.0,1,1.0,False,0,False,False,1,1,False,False,False,N/A,0,0.0,0,0,0,0,0,0
django__django-12406,unresolved,unknown,37,49,1,35,23,1.2432432432432432,14,5.857142857142857,0.1836734693877551,19,2,50,1:cd,9,0.28,early,2,1.0,False,2,1.12,8,4.5,True,1,False,False,3,2,False,False,False,"('localization',)",1,1.0,1,1,0,0,0,0
django__django-12419,resolved,unknown,14,19,1,13,8,1.3571428571428572,6,3.0,0.3157894736842105,8,2,20,0:cd,7,0.35,early,2,1.0,False,2,1.33,3,2.0,True,0,False,False,1,1,False,False,False,N/A,0,0.0,0,0,0,0,0,0
django__django-11141,unresolved,unknown,7,6,1,6,6,0.8571428571428571,0,0.0,0.0,0,0,7,0:cd,1,0.57,middle,1,1.0,False,2,1.5,2,1.5,True,0,False,False,2,2,False,False,False,N/A,0,0.0,0,0,0,0,0,0
psf__requests-1142,unsubmitted,unknown,13,17,1,12,9,1.2307692307692308,4,4.0,0.23529411764705882,6,2,18,0:cd,5,0.17,early,1,1.0,False,2,2.0,1,1.0,False,0,False,False,1,1,False,False,False,N/A,0,0.0,0,0,0,0,0,0
django__django-15161,unresolved,unknown,9,8,2,7,8,0.8888888888888888,0,0.0,0.0,0,0,10,0:cd,1,0.78,mixed,2,1.0,False,3,3.0,1,1.0,True,0,False,False,1,1,False,False,False,N/A,0,0.0,0,0,0,0,0,0
scikit-learn__scikit-learn-14983,unresolved,unknown,16,18,2,12,11,1.125,3,5.333333333333333,0.16666666666666666,9,3,20,0:cd,4,0.42,early,3,1.0,False,2,2.0,2,1.5,False,0,False,False,5,3,False,False,False,N/A,2,2.0,1,2,0,0,0,0
django__django-13820,resolved,unknown,10,10,2,8,8,1.0,1,8.0,0.1,8,8,12,1:cd,2,0.55,middle,1,1.0,False,2,2.0,2,1.5,False,0,False,False,1,1,False,False,False,N/A,0,0.0,0,0,0,0,0,0
matplotlib__matplotlib-25960,unresolved,unknown,27,31,1,25,25,1.0740740740740742,3,11.0,0.0967741935483871,23,4,32,1:cd,2,0.25,early,3,1.0,False,2,1.25,4,2.5,True,1,False,False,11,2,False,True,False,N/A,8,4.5,2,9,0,0,0,0
django__django-13023,unresolved,unknown,19,24,2,17,13,1.263157894736842,6,3.6666666666666665,0.20833333333333334,11,2,26,1:cd,5,0.56,mixed,7,1.08,True,2,2.0,2,1.5,True,0,False,False,2,2,False,False,False,N/A,0,0.0,0,0,0,0,0,0
matplotlib__matplotlib-14623,unresolved,unknown,40,50,1,38,26,1.25,11,4.454545454545454,0.2,23,2,51,0:cd,12,0.41,mixed,12,1.0,False,2,1.1,10,5.5,True,1,False,False,12,6,False,False,False,"('localization',)",3,1.5,4,5,0,0,1,0
sympy__sympy-20438,unresolved,unknown,16,20,5,15,9,1.25,5,3.8,0.2,6,2,25,0:cd,6,0.52,middle,5,1.0,False,2,2.0,5,3.0,False,0,False,True,2,1,False,False,False,N/A,1,1.0,1,0,0,1,0,0
django__django-15554,unresolved,unknown,11,12,0,9,9,1.0909090909090908,2,5.0,0.08333333333333333,8,2,12,0:cd,3,0.54,middle,2,1.0,False,1,1.0,5,5.0,True,1,False,False,1,1,False,False,False,N/A,0,0.0,0,0,0,0,0,0
astropy__astropy-7606,unresolved,unknown,8,8,0,7,6,1.0,1,6.0,0.125,6,6,8,1:cd,2,0.33,middle,1,1.0,False,1,1.0,2,2.0,True,0,False,False,1,1,False,False,False,N/A,0,0.0,0,0,0,0,0,0
django__django-12276,resolved,unknown,18,21,3,15,14,1.1666666666666667,4,4.25,0.19047619047619047,7,2,24,0:cd,4,0.41,early,3,1.12,True,2,1.6,5,4.0,True,0,False,False,3,2,False,False,False,N/A,1,1.0,1,0,0,1,0,0
django__django-13809,resolved,unknown,12,17,0,10,8,1.3333333333333333,5,3.2,0.29411764705882354,7,2,17,0:cd,6,0.22,early,2,1.0,False,1,1.0,2,2.0,False,1,False,False,2,2,False,False,False,N/A,0,0.0,0,0,0,0,0,0
sympy__sympy-23262,unresolved,unknown,45,74,1,55,26,1.3111111111111111,15,4.8,0.17567567567567569,12,1,75,16:cd,10,0.24,early,3,1.2,True,2,1.14,7,4.0,True,0,False,False,7,3,False,True,False,N/A,2,1.33,3,4,0,0,0,0
sympy__sympy-22714,resolved,unknown,20,36,0,20,10,1.45,23,5.391304347826087,0.3611111111111111,7,2,36,0:cd,6,0.22,early,7,1.6,True,1,1.0,3,3.0,True,0,False,False,5,3,False,False,False,"('localization',)",1,1.0,2,2,0,0,0,0
pylint-dev__pylint-4970,unresolved,unknown,12,11,5,11,11,0.9166666666666666,0,0.0,0.0,0,0,16,0:cd,1,0.75,mixed,2,1.0,False,2,2.0,5,3.0,False,0,False,False,2,2,False,False,False,N/A,0,0.0,0,0,0,0,0,0
django__django-13012,unresolved,unknown,14,13,4,13,13,0.9285714285714286,0,0.0,0.0,0,0,17,0:pwd,1,0.79,mixed,1,1.0,False,3,1.8,3,2.33,True,0,False,True,2,1,False,False,False,N/A,1,1.0,1,0,0,1,0,0
django__django-11239,unresolved,unknown,6,5,1,5,5,0.8333333333333334,0,0.0,0.0,0,0,6,0:grep,1,0.5,early,1,1.0,False,2,2.0,1,1.0,False,0,False,True,1,1,False,False,False,N/A,0,0.0,0,0,0,0,0,0
pydata__xarray-6744,unresolved,unknown,15,19,0,14,13,1.1333333333333333,3,6.0,0.15789473684210525,11,3,19,0:cd,4,0.35,early,1,1.0,False,1,1.0,3,3.0,True,0,False,False,5,3,False,False,False,N/A,1,1.0,2,2,0,0,0,0
django__django-11095,resolved,unknown,14,18,0,13,10,1.2142857142857142,4,4.0,0.2222222222222222,9,2,18,0:cd,5,0.32,early,1,1.0,False,1,1.0,3,3.0,False,0,False,False,2,2,False,False,False,N/A,0,0.0,0,0,0,0,0,0
sphinx-doc__sphinx-9711,unresolved,unknown,9,9,1,7,8,1.0,1,2.0,0.0,2,2,10,0:cd,2,0.5,middle,2,1.0,False,2,2.0,1,1.0,False,0,False,True,2,1,False,False,False,N/A,1,1.0,1,1,0,0,0,0
django__django-17084,resolved,unknown,18,17,4,17,17,0.9444444444444444,0,0.0,0.0,0,0,21,0:cd,1,0.78,mixed,1,1.0,False,3,1.62,7,3.67,True,0,False,True,1,1,False,False,False,N/A,0,0.0,0,0,0,0,0,0
django__django-15561,resolved,unknown,12,11,0,10,11,0.9166666666666666,0,0.0,0.0,0,0,11,0:find,1,0.83,mixed,2,1.0,False,1,1.0,3,3.0,False,1,False,False,2,1,False,False,False,N/A,1,1.0,1,1,0,0,0,0
django__django-13406,unresolved,unknown,15,16,2,15,14,1.0,1,2.0,0.0,2,2,18,3:grep,2,0.88,mixed,1,1.15,True,2,1.4,4,3.0,True,1,False,False,1,1,False,False,False,N/A,0,0.0,0,0,0,0,0,0
sphinx-doc__sphinx-7462,unresolved,unknown,29,34,1,15,18,1.1379310344827587,5,4.0,0.08823529411764706,7,3,35,11:echo,3,0.11,early,2,1.0,False,2,2.0,1,1.0,False,0,False,False,18,15,True,False,True,N/A,2,1.5,2,2,0,0,1,0
django__django-13837,unresolved,unknown,28,39,2,27,18,1.25,9,6.0,0.20512820512820512,14,2,41,0:cd,8,0.12,early,4,1.25,True,3,3.0,2,1.33,True,0,False,True,15,7,False,False,False,"('localization',)",3,2.0,4,7,0,0,1,0
django__django-16429,resolved,unknown,20,25,1,15,12,1.2,5,4.2,0.16,8,2,26,0:cd,6,0.19,early,3,1.0,False,2,2.0,1,1.0,True,0,False,True,2,2,False,False,False,N/A,0,0.0,0,0,0,0,0,0
django__django-15280,unresolved,unknown,25,34,3,22,15,1.24,7,4.285714285714286,0.17647058823529413,13,2,37,2:cd,7,0.31,early,3,1.0,False,2,1.75,3,2.5,False,1,False,False,2,1,False,False,False,"('localization',)",1,1.0,1,1,0,0,0,0
django__django-13315,unresolved,unknown,10,15,0,9,5,1.3,4,3.0,0.26666666666666666,4,2,15,0:cd,6,0.5,mixed,5,1.14,True,1,1.0,2,2.0,False,1,False,False,1,1,False,False,False,N/A,0,0.0,0,0,0,0,0,0
pytest-dev__pytest-7571,unresolved,unknown,37,44,6,39,24,1.135135135135135,6,7.0,0.13636363636363635,14,1,50,0:cd,6,0.87,mixed,6,1.08,True,3,2.5,4,2.33,True,0,False,True,0,0,False,False,False,N/A,0,0.0,0,0,0,0,0,0
django__django-15375,unresolved,unknown,8,7,1,7,7,0.875,0,0.0,0.0,0,0,8,0:cd,1,0.75,middle,1,1.0,False,2,1.5,2,1.5,False,1,False,False,1,1,False,False,False,N/A,0,0.0,0,0,0,0,0,0
django__django-15629,unresolved,unknown,27,29,1,26,21,1.0740740740740742,3,6.0,0.06896551724137931,8,3,30,0:cd,3,0.47,early,3,1.08,True,2,1.1,10,5.5,True,0,False,False,12,2,False,False,True,N/A,10,10.0,1,10,0,0,0,0
matplotlib__matplotlib-25775,unresolved,unknown,17,16,0,16,16,0.9411764705882353,0,0.0,0.0,0,0,16,0:pwd,1,0.71,mixed,3,1.0,False,1,1.0,2,2.0,False,0,False,False,4,3,False,False,False,N/A,1,1.0,1,1,0,0,0,0
sympy__sympy-13877,unresolved,unknown,33,43,1,36,18,1.1515151515151516,6,5.166666666666667,0.13953488372093023,10,3,44,9:cd,7,0.23,early,6,1.0,False,2,1.25,4,2.5,True,0,False,False,16,6,False,False,False,"('localization',)",5,2.0,5,10,0,0,0,0
django__django-11848,resolved,unknown,12,17,1,12,9,1.25,4,3.75,0.17647058823529413,7,2,18,1:cd,5,0.44,middle,4,1.0,False,2,1.5,2,1.5,True,0,False,False,1,1,False,False,False,N/A,0,0.0,0,0,0,0,0,0
psf__requests-1724,unresolved,unknown,14,17,1,14,12,1.1428571428571428,3,5.333333333333333,0.11764705882352941,10,2,18,0:cd,4,0.39,early,5,1.0,False,2,1.5,2,1.5,True,0,False,True,6,2,False,False,False,N/A,2,2.0,2,4,0,0,0,0
django__django-14404,unresolved,unknown,13,16,1,9,9,1.2307692307692308,4,3.0,0.25,6,2,17,0:cd,5,0.29,early,2,1.0,False,2,2.0,1,1.0,False,0,False,False,1,1,False,False,False,N/A,0,0.0,0,0,0,0,0,0
astropy__astropy-13033,unresolved,unknown,24,33,1,25,11,1.3333333333333333,9,3.4444444444444446,0.2727272727272727,8,1,34,0:cd,8,0.24,early,5,1.0,False,2,1.5,2,1.5,False,1,False,False,13,5,True,True,False,"('localization',)",4,2.0,4,8,0,0,0,0
sphinx-doc__sphinx-7757,unresolved,unknown,16,17,0,8,13,1.0625,2,4.5,0.058823529411764705,7,2,17,1:cd,3,0.28,early,2,1.0,False,1,1.0,1,1.0,False,0,False,False,1,1,False,False,False,N/A,0,0.0,0,0,0,0,0,0
django__django-15127,unresolved,unknown,12,19,0,11,6,1.5,7,2.5714285714285716,0.42105263157894735,5,2,19,0:cd,8,0.25,early,3,1.0,False,1,1.0,2,2.0,False,1,False,False,1,1,False,False,False,N/A,0,0.0,0,0,0,0,0,0
django__django-11211,unresolved,unknown,17,22,1,17,11,1.2941176470588236,6,3.5,0.2727272727272727,9,2,23,0:cd,5,0.35,early,4,1.0,False,2,1.5,2,1.5,True,0,False,False,4,2,False,True,False,N/A,2,2.0,1,2,0,0,0,0
pydata__xarray-4966,resolved,unknown,10,11,0,5,8,1.1,2,3.5,0.18181818181818182,5,2,11,0:cd,3,0.17,early,1,1.0,False,1,1.0,1,1.0,False,0,False,False,1,1,False,False,False,N/A,0,0.0,0,0,0,0,0,0
pylint-dev__pylint-4551,unresolved,unknown,19,22,0,16,17,1.105263157894737,3,7.0,0.13636363636363635,14,2,22,0:cd,4,0.26,early,4,1.0,False,1,1.0,2,2.0,False,0,False,False,8,5,False,False,False,N/A,2,1.5,2,3,0,0,0,0
django__django-10097,unresolved,unknown,13,21,0,12,10,1.3076923076923077,5,2.6,0.2857142857142857,3,2,21,2:cd,5,0.32,mixed,6,1.75,True,1,1.0,1,1.0,False,0,False,False,1,1,False,False,False,N/A,0,0.0,0,0,0,0,0,0
matplotlib__matplotlib-24870,unresolved,unknown,13,13,2,12,12,1.0,1,12.0,0.07692307692307693,12,12,15,0:cd,2,0.64,middle,1,1.0,False,2,2.0,2,1.5,False,0,False,False,1,1,False,False,False,N/A,0,0.0,0,0,0,0,0,0
django__django-16100,unresolved,unknown,20,29,3,17,12,1.35,9,3.4444444444444446,0.27586206896551724,9,2,32,0:cd,8,0.27,early,3,1.0,False,3,2.5,2,1.33,True,0,False,True,2,1,False,False,False,N/A,1,1.0,1,0,0,0,1,0
django__django-14534,unresolved,unknown,13,14,1,11,10,1.0769230769230769,2,6.0,0.14285714285714285,10,2,15,1:cd,3,0.53,middle,1,1.0,False,2,1.25,4,2.5,True,0,False,True,1,1,False,False,False,N/A,0,0.0,0,0,0,0,0,0
pallets__flask-5014,resolved,unknown,23,37,1,26,15,1.391304347826087,23,5.913043478260869,0.24324324324324326,9,3,38,9:cd,6,0.18,early,3,1.17,True,2,1.5,3,2.5,True,0,False,False,5,4,False,False,False,"('localization',)",1,1.0,1,1,0,0,0,0
django__django-11603,resolved,unknown,8,7,0,7,7,0.875,0,0.0,0.0,0,0,7,0:cd,1,0.62,middle,1,1.0,False,1,1.0,3,3.0,True,0,False,False,2,2,False,False,False,N/A,0,0.0,0,0,0,0,0,0
django__django-14765,resolved,unknown,17,23,1,13,8,1.3529411764705883,7,3.142857142857143,0.30434782608695654,5,2,24,0:cd,8,0.33,early,4,1.0,False,2,2.0,1,1.0,False,0,False,False,2,1,False,False,False,"('localization',)",1,1.0,1,1,0,0,0,0
matplotlib__matplotlib-24026,resolved,unknown,16,20,2,17,12,1.1875,4,4.75,0.2,8,2,22,0:cd,4,0.29,early,2,1.2,True,2,2.0,2,2.0,True,0,False,True,6,3,False,False,False,"('localization',)",1,1.0,3,3,0,0,0,0
django__django-16642,unresolved,unknown,6,5,1,5,5,0.8333333333333334,0,0.0,0.0,0,0,6,0:cd,1,0.67,middle,1,1.0,False,2,2.0,1,1.0,False,0,False,False,1,1,False,False,False,N/A,0,0.0,0,0,0,0,0,0
pytest-dev__pytest-8399,unresolved,unknown,21,32,0,25,10,1.4285714285714286,11,3.8181818181818183,0.28125,8,1,32,1:cd,8,0.73,mixed,8,1.26,True,1,1.0,2,2.0,True,0,False,False,0,0,False,False,False,N/A,0,0.0,0,0,0,0,0,0
django__django-14792,unresolved,unknown,12,13,0,8,10,1.0833333333333333,2,6.0,0.07692307692307693,9,3,13,0:cd,3,0.5,middle,2,1.0,False,1,1.0,3,3.0,False,2,False,False,1,1,False,False,False,N/A,0,0.0,0,0,0,0,0,0
sympy__sympy-18763,unresolved,unknown,22,36,2,23,12,1.4545454545454546,13,3.6153846153846154,0.2777777777777778,7,2,38,0:cd,12,0.22,early,3,1.0,False,3,3.0,1,1.0,True,0,False,True,4,3,False,False,False,"('localization',)",1,1.0,1,1,0,0,0,0
django__django-13513,unresolved,unknown,13,24,5,23,5,1.6923076923076923,10,2.2,0.5,4,1,29,0:think,13,0.4,mixed,9,1.0,False,2,2.0,4,3.0,True,0,False,True,0,0,False,False,False,N/A,0,0.0,0,0,0,0,0,0
django__django-12325,unresolved,unknown,11,11,1,9,9,1.0,1,2.0,0.0,2,2,12,8:cd,2,0.5,early,1,1.0,False,2,1.5,2,1.5,True,0,False,True,1,1,False,False,False,N/A,0,0.0,0,0,0,0,0,0
django__django-11138,unresolved,unknown,23,26,2,27,19,1.0869565217391304,3,2.3333333333333335,0.11538461538461539,3,1,28,2:str_replace_editor: str_replace,2,0.48,middle,7,1.18,True,2,1.44,6,5.0,True,1,False,False,14,5,False,True,False,"('localization',)",4,3.0,3,8,0,0,1,0
django__django-16255,resolved,unknown,12,20,0,11,5,1.5833333333333333,8,2.375,0.45,4,2,20,0:cd,8,0.19,early,2,1.33,True,1,1.0,1,1.0,False,0,False,False,1,1,False,False,False,N/A,0,0.0,0,0,0,0,0,0
matplotlib__matplotlib-25311,unresolved,unknown,16,21,2,15,12,1.125,3,4.0,0.14285714285714285,5,3,23,8:cd,4,0.59,mixed,6,1.18,True,2,2.0,2,1.5,False,0,False,False,1,1,False,False,False,N/A,0,0.0,0,0,0,0,0,0
django__django-11964,unresolved,unknown,13,14,2,12,10,1.0769230769230769,2,6.0,0.14285714285714285,9,3,16,1:cd,3,0.4,early,2,1.0,False,2,1.67,2,2.0,False,1,False,True,3,2,False,False,False,N/A,1,1.0,1,1,0,0,0,0
sympy__sympy-21930,unresolved,unknown,20,24,2,19,16,1.1,3,7.0,0.125,12,3,26,2:cd,4,0.36,early,4,1.0,False,2,2.0,2,1.5,False,0,False,False,2,2,False,False,False,N/A,0,0.0,0,0,0,0,0,0
django__django-15268,unresolved,unknown,17,20,4,15,13,1.1764705882352942,4,4.75,0.2,12,2,24,0:cd,4,0.48,early,1,1.11,True,2,1.57,4,4.0,True,1,False,False,2,2,False,False,False,N/A,0,0.0,0,0,0,0,0,0
django__django-11532,resolved,unknown,16,15,0,14,15,0.9375,0,0.0,0.0,0,0,15,0:think,1,0.25,early,1,1.0,False,1,1.0,2,2.0,False,0,False,False,2,2,False,False,False,N/A,0,0.0,0,0,0,0,0,0
sympy__sympy-17655,unresolved,unknown,14,20,0,12,7,1.2857142857142858,5,3.6,0.25,5,2,20,1:cd,6,0.1,early,1,1.0,False,1,1.0,1,1.0,False,0,False,False,4,3,False,False,False,N/A,1,1.0,1,1,0,0,0,0
pytest-dev__pytest-10356,unresolved,unknown,15,20,1,14,7,1.3333333333333333,6,3.0,0.3,6,2,21,1:cd,7,0.62,mixed,7,1.0,False,2,1.33,3,2.0,False,1,False,False,0,0,False,False,False,N/A,0,0.0,0,0,0,0,0,0
sympy__sympy-13031,unresolved,unknown,11,13,0,9,9,1.1818181818181819,3,4.0,0.23076923076923078,8,1,13,0:cd,3,0.71,middle,2,1.11,True,1,1.0,4,4.0,True,1,False,False,0,0,False,False,False,N/A,0,0.0,0,0,0,0,0,0
pydata__xarray-3993,unresolved,unknown,20,24,6,19,12,1.2,5,3.4,0.16666666666666666,7,2,30,1:cd,6,0.52,mixed,7,1.0,False,3,2.2,5,2.33,True,0,False,True,3,2,False,False,False,"('localization',)",1,1.0,1,1,0,0,0,0
sphinx-doc__sphinx-10614,unresolved,unknown,10,9,0,9,9,0.9,0,0.0,0.0,0,0,9,0:cd,1,0.2,early,1,1.0,False,1,1.0,1,1.0,False,0,False,False,7,5,False,False,False,N/A,1,1.0,2,2,0,0,0,0
sympy__sympy-24661,unresolved,unknown,40,56,8,45,19,1.325,19,5.2105263157894735,0.25,12,2,64,0:cd,9,0.37,early,11,1.24,True,3,2.5,6,3.67,True,0,False,True,23,5,False,True,False,"('localization',)",9,3.0,6,15,0,1,2,0
sphinx-doc__sphinx-9320,resolved,unknown,11,11,0,8,10,1.0,1,7.0,0.09090909090909091,7,7,11,0:cd,2,0.25,early,1,1.0,False,1,1.0,1,1.0,False,0,False,False,1,1,False,False,False,N/A,0,0.0,0,0,0,0,0,0
django__django-15525,resolved,unknown,16,28,0,16,8,1.5625,11,3.3636363636363638,0.32142857142857145,5,2,28,1:cd,9,0.21,early,4,1.0,False,1,1.0,2,2.0,False,1,False,False,1,1,False,False,False,N/A,0,0.0,0,0,0,0,0,0
matplotlib__matplotlib-24637,resolved,unknown,31,39,12,34,23,1.1290322580645162,5,5.6,0.15384615384615385,10,2,51,15:grep,4,0.33,early,5,1.0,False,3,2.29,6,3.0,True,1,False,True,3,2,False,False,False,"('localization',)",1,1.0,1,1,0,0,0,0
django__django-14752,resolved,unknown,9,8,1,8,8,0.8888888888888888,0,0.0,0.0,0,0,9,0:grep,1,0.33,early,2,1.0,False,2,2.0,1,1.0,False,0,False,False,4,4,True,False,False,N/A,0,0.0,0,0,0,0,0,0
django__django-13410,resolved,unknown,5,4,0,4,4,0.8,0,0.0,0.0,0,0,4,0:find,1,0.6,mixed,2,1.0,False,1,1.0,1,1.0,False,0,False,False,1,1,False,False,False,N/A,0,0.0,0,0,0,0,0,0
pytest-dev__pytest-6197,unresolved,unknown,40,53,0,24,30,1.175,20,10.85,0.1509433962264151,25,3,53,1:cd,7,0.31,early,4,1.06,True,1,1.0,8,8.0,False,0,False,False,2,2,True,False,False,N/A,0,0.0,0,0,0,0,0,0
pylint-dev__pylint-6386,unresolved,unknown,11,11,3,9,10,1.0,1,9.0,0.09090909090909091,9,9,14,0:cd,2,0.5,early,1,1.0,False,4,2.5,2,1.25,True,1,False,True,2,2,False,False,False,N/A,0,0.0,0,0,0,0,0,0
sphinx-doc__sphinx-8269,resolved,unknown,19,23,1,10,9,1.2105263157894737,5,3.8,0.17391304347826086,6,2,24,0:cd,6,0.17,early,2,1.0,False,2,2.0,1,1.0,False,0,False,False,2,2,False,False,False,N/A,0,0.0,0,0,0,0,0,0
django__django-12304,unresolved,unknown,13,14,2,11,11,1.0769230769230769,2,5.5,0.14285714285714285,9,2,16,0:cd,3,0.27,early,2,1.0,False,2,2.0,2,1.5,False,0,False,True,6,5,False,False,False,"('localization',)",1,1.0,1,1,0,0,0,0
sympy__sympy-23824,resolved,unknown,10,12,1,9,7,1.2,3,2.3333333333333335,0.25,3,2,13,0:cd,4,0.46,mixed,5,1.0,False,2,2.0,1,1.0,False,0,False,False,3,1,False,False,False,"('localization',)",2,2.0,1,2,0,0,0,0
matplotlib__matplotlib-13989,resolved,unknown,78,108,3,97,33,1.2820512820512822,45,8.0,0.19444444444444445,14,1,111,1:cd,12,0.12,early,6,1.0,False,2,1.6,4,3.5,True,0,False,False,73,6,False,True,False,N/A,35,13.4,5,65,0,0,2,0
sphinx-doc__sphinx-10466,resolved,unknown,9,10,0,5,7,1.1111111111111112,2,4.5,0.1,6,3,10,0:cd,3,0.36,middle,3,1.0,False,1,1.0,1,1.0,False,0,False,False,1,1,False,False,False,N/A,0,0.0,0,0,0,0,0,0
scikit-learn__scikit-learn-15100,resolved,unknown,5,5,0,4,4,1.0,1,4.0,0.2,4,4,5,0:cd,2,0.33,early,1,1.0,False,1,1.0,1,1.0,False,0,False,False,1,1,False,False,False,N/A,0,0.0,0,0,0,0,0,0
django__django-13449,unresolved,unknown,21,27,0,17,12,1.2857142857142858,7,3.5714285714285716,0.2222222222222222,9,2,27,1:cd,8,0.46,mixed,5,1.0,False,1,1.0,5,5.0,True,2,False,False,3,1,False,False,False,"('localization',)",2,2.0,1,2,0,0,0,0
django__django-14373,resolved,unknown,35,58,0,40,12,1.4,15,3.933333333333333,0.25862068965517243,7,2,58,5:cd,13,0.05,early,2,1.0,False,1,1.0,1,1.0,False,0,False,False,12,8,False,False,False,N/A,1,1.0,4,4,0,0,0,0
django__django-13821,resolved,unknown,15,22,1,14,8,1.4666666666666666,8,2.75,0.3181818181818182,6,2,23,1:cd,8,0.35,middle,6,1.0,False,2,2.0,1,1.0,False,0,False,False,2,1,False,False,False,N/A,1,1.0,1,1,0,0,0,0
django__django-13810,resolved,unknown,21,38,0,13,14,1.4761904761904763,23,6.217391304347826,0.21052631578947367,10,2,38,1:cd,4,0.05,early,1,1.0,False,1,1.0,1,1.0,False,0,False,False,1,1,False,False,False,N/A,0,0.0,0,0,0,0,0,0
pytest-dev__pytest-5809,resolved,unknown,7,6,0,5,6,0.8571428571428571,0,0.0,0.0,0,0,6,0:think,1,0.71,late,1,1.0,False,1,1.0,2,2.0,True,0,False,False,0,0,False,False,False,N/A,0,0.0,0,0,0,0,0,0
pydata__xarray-4695,unresolved,unknown,38,53,2,37,16,1.2894736842105263,15,4.8,0.20754716981132076,11,1,55,0:cd,11,0.26,early,8,1.0,False,2,1.5,4,3.0,True,0,False,False,20,10,False,True,False,N/A,3,1.43,7,10,0,0,0,0
django__django-14053,resolved,unknown,16,28,1,17,10,1.4375,9,3.2222222222222223,0.25,7,2,29,4:cd,8,0.1,early,1,1.0,False,2,2.0,1,1.0,False,0,False,True,1,1,False,False,False,N/A,0,0.0,0,0,0,0,0,0
mwaskom__seaborn-3069,unresolved,unknown,16,24,3,20,9,1.375,7,2.5714285714285716,0.3333333333333333,5,1,27,0:think,9,0.28,early,4,1.0,False,3,3.0,2,1.33,True,0,False,False,3,2,False,False,False,"('general', 'localization')",1,1.0,1,1,0,0,0,0
pytest-dev__pytest-7982,resolved,unknown,14,17,0,13,9,1.2142857142857142,4,4.0,0.23529411764705882,6,2,17,0:cd,5,0.67,mixed,4,1.0,False,1,1.0,6,6.0,True,1,False,False,0,0,False,False,False,N/A,0,0.0,0,0,0,0,0,0
pylint-dev__pylint-7277,resolved,unknown,11,14,0,12,8,1.0909090909090908,2,4.5,0.14285714285714285,5,4,14,4:cd,3,0.07,early,1,1.0,False,1,1.0,1,1.0,False,0,False,False,2,2,False,False,False,N/A,0,0.0,0,0,0,0,0,0
pydata__xarray-6461,resolved,unknown,15,16,1,11,12,1.0666666666666667,2,6.0,0.125,9,3,17,0:cd,3,0.24,early,2,1.0,False,2,2.0,1,1.0,True,0,False,True,2,1,False,False,False,N/A,1,1.0,1,1,0,0,0,0
django__django-11149,unresolved,unknown,20,27,1,19,11,1.3,7,2.5714285714285716,0.25925925925925924,5,1,28,0:cd,6,0.54,mixed,9,1.25,True,2,2.0,2,2.0,True,1,False,True,5,2,False,False,False,"('localization',)",1,1.0,3,3,0,0,0,0
sphinx-doc__sphinx-8551,unresolved,unknown,17,18,1,19,16,1.0588235294117647,2,8.0,0.1111111111111111,15,1,19,0:think,3,0.74,mixed,1,1.0,False,2,1.08,13,7.0,True,0,False,False,2,2,False,False,False,N/A,0,0.0,0,0,0,0,0,0
django__django-13401,resolved,unknown,11,15,0,10,6,1.3636363636363635,5,2.8,0.3333333333333333,4,2,15,0:cd,6,0.44,mixed,4,1.0,False,1,1.0,3,3.0,False,0,False,False,1,1,False,False,False,N/A,0,0.0,0,0,0,0,0,0
sympy__sympy-15349,resolved,unknown,21,32,0,16,9,1.380952380952381,10,3.8,0.25,6,2,32,0:cd,9,0.24,early,4,1.14,True,0,0.0,0,0.0,False,0,False,False,1,1,False,False,False,N/A,0,0.0,0,0,0,0,0,0
django__django-11490,resolved,unknown,32,33,2,22,27,1.03125,2,6.0,0.06060606060606061,8,4,35,16:str_replace_editor: view,2,0.09,early,1,1.0,False,2,2.0,1,1.0,True,0,False,True,1,1,False,False,False,N/A,0,0.0,0,0,0,0,0,0
pytest-dev__pytest-7490,unresolved,unknown,40,49,1,45,31,1.15,8,8.625,0.14285714285714285,24,1,50,0:cd,5,0.9,mixed,5,1.15,True,2,1.07,14,7.5,True,1,False,False,0,0,False,False,False,N/A,0,0.0,0,0,0,0,0,0
matplotlib__matplotlib-20826,unresolved,unknown,29,36,0,31,15,1.2413793103448276,8,3.625,0.19444444444444445,9,1,36,19:python,5,0.41,early,4,1.0,False,1,1.0,9,9.0,True,1,False,False,9,4,False,True,False,N/A,2,1.25,4,5,0,0,0,0
matplotlib__matplotlib-26208,unresolved,unknown,33,42,2,41,18,1.2727272727272727,10,3.5,0.23809523809523808,6,2,44,14:python,8,0.37,early,5,1.14,True,2,1.18,11,6.5,True,0,False,False,16,8,False,True,False,"('localization',)",2,1.33,6,8,0,0,0,0
django__django-13658,resolved,unknown,15,29,1,18,7,1.6666666666666667,13,2.923076923076923,0.3793103448275862,4,1,30,0:cd,8,0.23,early,5,1.4,True,2,2.0,3,2.0,True,0,False,False,4,1,True,True,False,N/A,3,3.0,1,0,0,0,3,0
matplotlib__matplotlib-23476,unresolved,unknown,11,14,0,9,6,1.2727272727272727,4,3.0,0.2857142857142857,4,2,14,0:cd,5,0.27,early,3,1.0,False,1,1.0,1,1.0,False,1,False,False,1,1,False,False,False,N/A,0,0.0,0,0,0,0,0,0
django__django-15022,resolved,unknown,16,17,1,14,14,1.0625,2,8.0,0.11764705882352941,14,2,18,0:cd,3,0.5,mixed,2,1.0,False,2,1.2,5,3.0,True,0,False,False,3,2,False,False,False,"('localization',)",1,1.0,1,1,0,0,0,0
scikit-learn__scikit-learn-11310,resolved,unknown,22,29,3,22,14,1.2272727272727273,6,4.333333333333333,0.20689655172413793,10,2,32,11:cd,6,0.33,early,5,1.0,False,2,2.0,3,2.0,False,0,False,False,5,5,False,False,False,N/A,0,0.0,0,0,0,0,0,0
django__django-14017,resolved,unknown,11,14,0,11,6,1.1818181818181819,3,3.0,0.21428571428571427,3,3,14,4:cd,4,0.2,early,1,1.0,False,1,1.0,2,2.0,False,1,False,False,3,3,False,False,False,N/A,0,0.0,0,0,0,0,0,0
sympy__sympy-14711,unresolved,unknown,49,62,3,63,12,1.2653061224489797,15,4.6,0.22580645161290322,7,1,65,4:python3,13,0.14,early,7,1.12,True,2,2.0,3,2.0,False,0,False,False,35,13,False,True,False,"('localization',)",5,2.2,10,21,0,0,1,0
django__django-12193,unresolved,unknown,19,29,0,19,9,1.4210526315789473,9,2.2222222222222223,0.3103448275862069,4,2,29,1:cd,11,0.23,early,6,1.0,False,1,1.0,1,1.0,False,0,False,False,1,1,False,False,False,N/A,0,0.0,0,0,0,0,0,0
django__django-13516,resolved,unknown,17,24,0,11,14,1.1764705882352942,5,6.2,0.20833333333333334,11,5,24,0:cd,4,0.12,early,1,1.0,False,1,1.0,2,2.0,False,1,False,False,1,1,False,False,False,N/A,0,0.0,0,0,0,0,0,0
django__django-9296,resolved,unknown,3,2,0,3,2,0.6666666666666666,0,0.0,0.0,0,0,2,0:grep,1,0.67,early,1,1.0,False,1,1.0,1,1.0,False,0,False,False,1,1,False,False,False,N/A,0,0.0,0,0,0,0,0,0
astropy__astropy-14309,resolved,unknown,6,6,0,5,5,1.0,1,5.0,0.16666666666666666,5,5,6,0:cd,2,0.29,early,1,1.0,False,1,1.0,1,1.0,False,0,False,False,1,1,False,False,False,N/A,0,0.0,0,0,0,0,0,0
matplotlib__matplotlib-21568,unresolved,unknown,24,30,0,24,16,1.25,7,2.7142857142857144,0.2,4,1,30,16:python,5,0.45,middle,5,1.0,False,1,1.0,7,7.0,True,1,False,False,1,1,False,False,False,N/A,0,0.0,0,0,0,0,0,0
sphinx-doc__sphinx-9658,resolved,unknown,15,14,2,14,14,0.9333333333333333,0,0.0,0.0,0,0,16,0:cd,1,0.67,middle,2,1.0,False,2,1.67,3,2.5,False,2,False,False,4,1,False,False,False,N/A,3,3.0,1,3,0,0,0,0
django__django-7530,resolved,unknown,16,24,1,15,10,1.3125,6,3.6666666666666665,0.25,9,2,25,1:cd,7,0.28,early,1,1.0,False,2,1.33,3,2.0,False,2,False,True,1,1,False,False,False,N/A,0,0.0,0,0,0,0,0,0
matplotlib__matplotlib-26291,unresolved,unknown,16,17,0,9,13,1.0625,2,2.5,0.058823529411764705,3,2,17,1:cd,3,0.44,middle,3,1.0,False,1,1.0,2,2.0,False,1,False,False,1,1,False,False,False,N/A,0,0.0,0,0,0,0,0,0
scikit-learn__scikit-learn-10297,resolved,unknown,15,17,5,15,13,1.0666666666666667,2,4.0,0.17647058823529413,5,3,22,9:python,3,0.44,early,2,1.0,False,2,2.0,5,3.0,True,0,False,False,2,1,False,False,False,N/A,1,1.0,1,0,0,0,1,0
django__django-16595,resolved,unknown,13,19,0,11,8,1.3076923076923077,5,3.0,0.2631578947368421,5,2,19,0:cd,6,0.2,early,2,1.0,False,1,1.0,1,1.0,False,0,False,False,1,1,False,False,False,N/A,0,0.0,0,0,0,0,0,0
django__django-12663,unresolved,unknown,25,37,0,28,13,1.32,10,4.6,0.21621621621621623,9,2,37,0:cd,9,0.37,early,8,1.08,True,1,1.0,9,9.0,True,1,False,False,10,6,False,False,False,"('localization',)",1,1.0,4,4,0,0,0,0
astropy__astropy-14508,unresolved,unknown,21,33,2,24,12,1.380952380952381,11,4.090909090909091,0.24242424242424243,7,2,35,1:cd,7,0.41,middle,7,1.17,True,2,2.0,2,2.0,True,0,False,True,3,1,False,False,False,N/A,2,2.0,1,2,0,0,0,0
django__django-11276,resolved,unknown,14,19,1,12,11,1.2142857142857142,4,4.5,0.3157894736842105,10,2,20,0:cd,5,0.2,early,2,1.0,False,2,2.0,1,1.0,False,0,False,False,4,2,False,False,False,N/A,2,2.0,1,2,0,0,0,0
sphinx-doc__sphinx-10435,unresolved,unknown,17,19,0,16,14,1.1176470588235294,3,6.0,0.10526315789473684,10,2,19,0:cd,4,0.45,middle,3,1.0,False,1,1.0,6,6.0,True,0,False,False,6,6,False,False,False,N/A,0,0.0,0,0,0,0,0,0
django__django-14539,resolved,unknown,21,29,2,20,10,1.2380952380952381,6,4.333333333333333,0.2413793103448276,6,2,31,0:cd,8,0.13,early,2,1.0,False,2,2.0,2,1.5,False,0,False,True,4,3,False,False,False,"('localization',)",1,1.0,1,1,0,0,0,0
sympy__sympy-22080,unresolved,unknown,39,53,8,42,16,1.2564102564102564,11,4.636363636363637,0.18867924528301888,12,2,61,0:cd,12,0.31,early,9,1.0,False,2,2.0,8,5.5,True,0,False,False,19,5,False,False,True,"('localization',)",10,4.67,3,14,0,0,0,0
django__django-13343,resolved,unknown,11,18,0,14,7,1.4545454545454546,6,2.3333333333333335,0.3333333333333333,3,1,18,0:think,5,0.32,middle,6,1.0,False,1,1.0,1,1.0,False,0,False,False,3,3,False,False,False,N/A,0,0.0,0,0,0,0,0,0
sympy__sympy-21596,unresolved,unknown,32,46,1,35,16,1.28125,11,5.636363636363637,0.1956521739130435,9,2,47,1:cd,9,0.21,early,5,1.11,True,2,1.25,4,2.5,True,0,False,False,8,6,True,False,False,N/A,1,1.0,2,2,0,0,0,0
django__django-14771,resolved,unknown,13,17,0,12,10,1.2307692307692308,4,4.0,0.23529411764705882,9,2,17,0:cd,5,0.39,early,2,1.0,False,1,1.0,4,4.0,False,1,False,False,1,1,False,False,False,N/A,0,0.0,0,0,0,0,0,0
sympy__sympy-22456,resolved,unknown,6,5,0,5,5,0.8333333333333334,0,0.0,0.0,0,0,5,0:grep,1,0.33,early,1,1.0,False,1,1.0,1,1.0,False,0,False,False,1,1,False,False,False,N/A,0,0.0,0,0,0,0,0,0
matplotlib__matplotlib-24177,unresolved,unknown,13,14,3,11,10,1.0769230769230769,2,5.5,0.14285714285714285,9,2,17,1:cd,3,0.4,early,1,1.0,False,2,2.0,3,2.0,True,0,False,False,2,1,False,False,False,N/A,1,1.0,1,1,0,0,0,0
django__django-14351,resolved,unknown,17,20,0,17,11,1.1764705882352942,4,2.25,0.15,3,2,20,12:cd,4,0.57,early,1,1.09,True,1,1.0,10,10.0,True,1,False,False,1,1,False,False,False,N/A,0,0.0,0,0,0,0,0,0
django__django-15741,resolved,unknown,17,21,1,15,15,1.1176470588235294,3,6.333333333333333,0.19047619047619047,14,2,22,0:cd,4,0.18,early,2,1.0,False,2,2.0,1,1.0,False,0,False,False,8,4,False,False,False,"('localization',)",2,1.33,3,4,0,0,0,0
pytest-dev__pytest-7205,resolved,unknown,11,13,1,9,10,1.1818181818181819,3,5.333333333333333,0.23076923076923078,7,4,14,0:cd,3,0.71,mixed,3,1.11,True,2,2.0,1,1.0,True,0,False,True,0,0,False,False,False,N/A,0,0.0,0,0,0,0,0,0
django__django-13128,unresolved,unknown,31,46,3,33,18,1.3225806451612903,11,3.8181818181818183,0.2608695652173913,15,1,49,0:cd,11,0.3,early,4,1.0,False,2,1.22,10,6.0,True,1,False,False,5,2,False,True,False,"('localization',)",2,1.5,2,3,0,0,0,0
matplotlib__matplotlib-25479,unresolved,unknown,45,60,9,44,19,1.2444444444444445,16,6.4375,0.18333333333333332,11,1,69,8:cd,6,0.34,mixed,14,1.0,False,3,3.0,6,3.0,True,0,False,False,18,5,False,True,True,"('localization',)",6,2.6,5,12,0,0,1,0
sphinx-doc__sphinx-11445,unresolved,unknown,38,57,2,28,20,1.1842105263157894,11,8.909090909090908,0.15789473684210525,15,2,59,0:cd,8,0.14,early,3,1.0,False,2,2.0,2,2.0,False,2,False,True,15,8,True,False,True,"('general',)",3,1.75,4,7,0,0,0,0
pydata__xarray-7393,resolved,unknown,40,50,2,44,28,1.15,8,8.0,0.14,20,3,52,0:cd,7,0.49,middle,7,1.04,True,2,1.14,14,8.0,True,0,False,True,13,5,False,False,False,"('localization',)",3,2.0,4,8,0,0,0,0
sphinx-doc__sphinx-9591,unresolved,unknown,13,17,2,12,10,1.1538461538461537,3,5.0,0.17647058823529413,8,3,19,0:cd,4,0.33,early,1,1.0,False,2,2.0,2,1.5,False,0,False,False,2,2,False,False,False,N/A,0,0.0,0,0,0,0,0,0
sphinx-doc__sphinx-8595,unresolved,unknown,10,12,1,10,9,1.1,2,5.5,0.16666666666666666,6,5,13,0:cd,3,0.38,early,2,1.0,False,2,1.5,2,1.5,True,0,False,False,3,2,False,False,False,"('localization',)",1,1.0,1,1,0,0,0,0
psf__requests-1921,unresolved,unknown,13,16,1,11,8,1.2307692307692308,4,3.25,0.1875,7,2,17,1:cd,5,0.29,middle,2,1.0,False,2,2.0,1,1.0,False,0,False,False,1,1,False,False,False,N/A,0,0.0,0,0,0,0,0,0
astropy__astropy-13453,unresolved,unknown,53,68,7,60,25,1.2075471698113207,21,7.476190476190476,0.14705882352941177,15,3,75,0:cd,9,0.16,early,5,1.0,False,3,2.0,5,3.0,True,1,False,True,37,7,False,True,True,"('localization',)",8,5.0,6,24,0,0,6,0
django__django-14311,unresolved,unknown,7,8,0,6,5,1.1428571428571428,2,3.0,0.25,5,1,8,0:think,2,0.33,middle,1,1.0,False,1,1.0,1,1.0,False,0,False,False,1,1,False,False,False,N/A,0,0.0,0,0,0,0,0,0
scikit-learn__scikit-learn-26194,unresolved,unknown,5,4,0,5,4,0.8,0,0.0,0.0,0,0,4,0:find,1,0.4,early,1,1.0,False,1,1.0,1,1.0,False,0,False,False,1,1,False,False,False,N/A,0,0.0,0,0,0,0,0,0
django__django-13028,resolved,unknown,16,21,0,12,8,1.25,5,3.8,0.23809523809523808,6,3,21,1:cd,6,0.45,mixed,6,1.11,True,1,1.0,3,3.0,True,1,False,False,1,1,False,False,False,N/A,0,0.0,0,0,0,0,0,0
scikit-learn__scikit-learn-12682,unresolved,unknown,21,21,8,21,20,1.0,1,1.0,0.047619047619047616,1,1,29,13:str_replace_editor: str_replace,2,0.55,early,3,1.0,False,3,2.33,6,3.0,True,0,False,True,9,4,False,True,False,"('localization',)",2,1.67,3,5,0,0,0,0
scikit-learn__scikit-learn-13124,resolved,unknown,15,18,0,11,11,1.2,4,4.75,0.2222222222222222,8,2,18,1:cd,4,0.26,early,2,1.0,False,1,1.0,2,2.0,False,0,False,False,2,2,False,False,False,N/A,0,0.0,0,0,0,0,0,0
sympy__sympy-24213,resolved,unknown,17,23,1,18,10,1.2941176470588236,7,5.0,0.21739130434782608,9,2,24,1:cd,6,0.5,middle,5,1.09,True,2,1.14,7,4.0,True,1,False,False,2,1,False,False,False,"('localization',)",1,1.0,1,1,0,0,0,0
pylint-dev__pylint-4661,unresolved,unknown,10,12,0,7,7,1.2,3,3.0,0.16666666666666666,5,2,12,0:cd,4,0.31,early,3,1.0,False,1,1.0,1,1.0,False,0,False,False,2,2,False,False,False,N/A,0,0.0,0,0,0,0,0,0
pytest-dev__pytest-7432,unresolved,unknown,39,53,4,41,20,1.2307692307692308,16,6.375,0.16981132075471697,15,1,57,0:cd,9,0.74,mixed,9,1.21,True,3,2.0,3,2.33,True,0,False,True,1,1,False,False,False,N/A,0,0.0,0,0,0,0,0,0
django__django-12209,resolved,unknown,19,27,0,18,8,1.3157894736842106,7,3.4285714285714284,0.2222222222222222,6,2,27,1:cd,8,0.46,mixed,6,1.08,True,1,1.0,3,3.0,True,0,False,False,1,1,False,False,False,N/A,0,0.0,0,0,0,0,0,0
django__django-11292,unresolved,unknown,7,6,0,5,6,0.8571428571428571,0,0.0,0.0,0,0,6,0:cd,1,0.43,middle,1,1.0,False,1,1.0,1,1.0,False,0,False,False,3,2,False,False,False,N/A,1,1.0,1,0,0,0,1,0
django__django-11749,resolved,unknown,28,42,3,29,17,1.3214285714285714,16,6.5,0.2619047619047619,15,3,45,0:cd,5,0.16,early,4,1.17,True,4,4.0,2,1.25,True,0,False,True,8,4,False,False,False,"('localization',)",3,2.0,2,4,0,0,0,0
django__django-12155,resolved,unknown,10,10,0,6,9,1.0,1,8.0,0.1,8,8,10,0:cd,2,0.18,early,1,1.0,False,1,1.0,1,1.0,False,0,False,False,1,1,False,False,False,N/A,0,0.0,0,0,0,0,0,0
sympy__sympy-19040,unresolved,unknown,44,46,12,47,27,1.0454545454545454,3,12.666666666666666,0.06521739130434782,17,5,58,22:python,3,0.55,early,4,1.04,True,3,2.18,11,5.0,True,0,False,True,17,3,False,False,True,"('localization',)",10,4.67,3,12,0,0,2,0
sphinx-doc__sphinx-7889,unresolved,unknown,7,6,2,6,6,0.8571428571428571,0,0.0,0.0,0,0,8,0:cd,1,0.71,mixed,1,1.0,False,2,2.0,2,1.5,True,0,False,True,1,1,False,False,False,N/A,0,0.0,0,0,0,0,0,0
pydata__xarray-4629,resolved,unknown,7,6,0,6,6,0.8571428571428571,0,0.0,0.0,0,0,6,0:think,1,0.43,middle,1,1.0,False,1,1.0,1,1.0,False,0,False,False,1,1,False,False,False,N/A,0,0.0,0,0,0,0,0,0
pydata__xarray-6938,unresolved,unknown,53,59,1,56,21,1.1132075471698113,8,9.0,0.11864406779661017,15,7,60,13:python,6,0.43,early,6,1.04,True,2,1.12,15,8.5,True,1,False,False,24,6,False,False,False,N/A,6,3.6,5,17,0,1,0,0
django__django-14376,unresolved,unknown,9,8,0,8,8,0.8888888888888888,0,0.0,0.0,0,0,8,0:think,1,0.56,mixed,2,1.0,False,1,1.0,1,1.0,False,0,False,False,3,2,False,False,False,N/A,1,1.0,1,1,0,0,0,0
pydata__xarray-6992,unresolved,unknown,12,12,0,8,10,1.0,1,2.0,0.0,2,2,12,6:cd,2,0.31,early,1,1.0,False,1,1.0,1,1.0,False,0,False,False,2,2,False,False,False,N/A,0,0.0,0,0,0,0,0,0
django__django-13112,unresolved,unknown,53,71,3,52,35,1.2452830188679245,15,5.266666666666667,0.16901408450704225,25,1,74,22:set_env,6,0.15,early,7,1.0,False,3,2.5,2,1.67,True,0,False,True,13,4,False,True,False,N/A,6,4.5,2,9,0,0,0,0
django__django-14011,unresolved,unknown,19,26,2,15,15,1.3157894736842106,8,4.25,0.23076923076923078,10,2,28,0:cd,7,0.59,mixed,7,1.14,True,2,1.67,3,2.5,True,1,False,False,0,0,False,False,False,N/A,0,0.0,0,0,0,0,0,0
django__django-11551,unresolved,unknown,9,8,0,9,8,0.8888888888888888,0,0.0,0.0,0,0,8,0:grep,1,0.67,early,2,1.0,False,1,1.0,4,4.0,True,0,False,False,3,2,False,False,False,"('localization',)",1,1.0,1,1,0,0,0,0
sympy__sympy-15345,unresolved,unknown,14,16,0,15,11,1.1428571428571428,3,3.0,0.1875,4,2,16,9:python,3,0.24,middle,3,1.0,False,1,1.0,1,1.0,False,0,False,False,4,4,False,False,False,N/A,0,0.0,0,0,0,0,0,0
django__django-13195,unresolved,unknown,8,7,0,7,7,0.875,0,0.0,0.0,0,0,7,0:cd,1,0.62,middle,1,1.0,False,1,1.0,3,3.0,True,0,False,False,2,1,False,False,False,N/A,1,1.0,1,1,0,0,0,0
scikit-learn__scikit-learn-13135,resolved,unknown,11,15,1,13,9,1.1818181818181819,3,4.0,0.2,9,1,16,1:cd,3,0.81,mixed,4,1.3,True,2,2.0,1,1.0,True,0,False,False,0,0,False,False,False,N/A,0,0.0,0,0,0,0,0,0
django__django-13089,resolved,unknown,5,4,1,4,4,0.8,0,0.0,0.0,0,0,5,0:cd,1,0.6,middle,1,1.0,False,2,2.0,1,1.0,False,0,False,True,1,1,False,False,False,N/A,0,0.0,0,0,0,0,0,0
django__django-13964,unresolved,unknown,26,29,3,25,24,1.0769230769230769,3,2.0,0.06896551724137931,2,2,32,0:cd,3,0.67,middle,5,1.05,True,2,1.3,9,6.0,True,1,False,True,5,1,False,False,True,N/A,4,4.0,1,4,0,0,0,0
django__django-13933,resolved,unknown,12,11,2,9,11,0.9166666666666666,0,0.0,0.0,0,0,13,0:cd,1,0.75,mixed,1,1.0,False,2,1.25,5,3.0,True,0,False,False,2,2,False,False,False,N/A,0,0.0,0,0,0,0,0,0
sphinx-doc__sphinx-9230,unresolved,unknown,22,30,0,25,13,1.2272727272727273,7,6.428571428571429,0.16666666666666666,10,2,30,1:cd,6,0.35,early,3,1.1,True,1,1.0,7,7.0,True,0,False,False,5,3,False,False,False,N/A,1,1.0,2,2,0,0,0,0
sympy__sympy-13798,unresolved,unknown,14,20,1,13,7,1.4285714285714286,7,2.5714285714285716,0.3,6,1,21,0:cd,7,0.33,middle,5,1.0,False,2,2.0,1,1.0,False,0,False,False,1,1,False,False,False,N/A,0,0.0,0,0,0,0,0,0
django__django-15368,resolved,unknown,9,11,0,7,5,1.2222222222222223,3,2.0,0.18181818181818182,2,2,11,4:cd,4,0.25,early,2,1.0,False,1,1.0,1,1.0,False,0,False,False,1,1,False,False,False,N/A,0,0.0,0,0,0,0,0,0
pytest-dev__pytest-5262,unresolved,unknown,23,42,2,22,15,1.4782608695652173,28,5.607142857142857,0.2857142857142857,11,2,44,0:cd,8,0.72,mixed,10,1.63,True,3,2.33,2,1.67,True,0,False,True,0,0,False,False,False,N/A,0,0.0,0,0,0,0,0,0
sympy__sympy-18211,unresolved,unknown,12,16,1,12,10,1.1666666666666667,3,5.0,0.1875,9,3,17,0:cd,4,0.29,early,1,1.0,False,2,2.0,1,1.0,False,0,False,False,1,1,False,False,False,N/A,0,0.0,0,0,0,0,0,0
django__django-12050,unresolved,unknown,13,19,0,12,8,1.4615384615384615,7,2.857142857142857,0.3684210526315789,4,2,19,0:cd,4,0.2,early,3,1.0,False,1,1.0,1,1.0,False,0,False,False,1,1,False,False,False,N/A,0,0.0,0,0,0,0,0,0
django__django-12125,unresolved,unknown,23,28,2,20,17,1.173913043478261,5,2.6,0.14285714285714285,5,2,30,0:cd,5,0.21,early,4,1.0,False,2,2.0,1,1.0,False,1,False,False,1,1,False,False,False,N/A,0,0.0,0,0,0,0,0,0
matplotlib__matplotlib-24570,resolved,unknown,22,21,0,19,21,0.9545454545454546,0,0.0,0.0,0,0,21,0:cd,1,0.73,mixed,1,1.0,False,1,1.0,11,11.0,True,0,False,False,1,1,False,False,False,N/A,0,0.0,0,0,0,0,0,0
scikit-learn__scikit-learn-25232,resolved,unknown,21,21,10,21,19,1.0,1,2.0,0.047619047619047616,2,2,31,16:str_replace_editor: str_replace,2,0.5,early,2,1.0,False,3,3.0,5,2.33,False,0,False,False,9,3,False,True,False,N/A,6,6.0,1,6,0,0,0,0
django__django-11885,unresolved,unknown,24,35,3,25,16,1.2916666666666667,8,4.125,0.22857142857142856,11,2,38,1:cd,8,0.14,early,4,1.0,False,2,2.0,3,2.0,False,0,False,False,12,5,False,True,False,"('localization',)",2,1.75,4,6,0,0,1,0
django__django-13297,unresolved,unknown,22,30,1,17,14,1.3181818181818181,8,3.75,0.3,12,2,31,1:cd,8,0.29,early,4,1.0,False,2,1.5,2,1.5,False,1,False,False,4,2,False,False,False,"('localization',)",2,2.0,1,2,0,0,0,0
django__django-14559,resolved,unknown,9,11,1,8,6,1.2222222222222223,3,3.3333333333333335,0.2727272727272727,6,2,12,0:cd,4,0.33,early,1,1.0,False,2,2.0,1,1.0,False,0,False,False,1,1,False,False,False,N/A,0,0.0,0,0,0,0,0,0
sympy__sympy-20801,resolved,unknown,26,35,2,29,15,1.1923076923076923,6,6.333333333333333,0.17142857142857143,10,4,37,7:cd,5,0.28,late,4,1.0,False,3,1.33,6,2.67,True,1,False,False,11,5,False,False,False,"('localization',)",2,1.2,5,6,0,0,0,0
django__django-14672,resolved,unknown,6,5,0,5,5,0.8333333333333334,0,0.0,0.0,0,0,5,0:pwd,1,0.5,middle,1,1.0,False,1,1.0,1,1.0,False,0,False,False,2,1,False,False,False,N/A,1,1.0,1,1,0,0,0,0
django__django-14155,unresolved,unknown,14,18,0,13,10,1.2142857142857142,4,2.75,0.1111111111111111,5,2,18,6:cd,4,0.21,early,3,1.0,False,1,1.0,2,2.0,False,0,False,False,2,1,False,False,False,N/A,1,1.0,1,1,0,0,0,0
sympy__sympy-21612,unresolved,unknown,14,21,2,16,9,1.2857142857142858,5,4.0,0.19047619047619047,6,2,23,0:cd,6,0.23,early,3,1.0,False,2,2.0,2,1.5,False,0,False,False,5,3,False,False,False,N/A,1,1.0,2,2,0,0,0,0
django__django-13670,resolved,unknown,5,4,2,5,4,0.8,0,0.0,0.0,0,0,6,0:grep,1,0.8,middle,1,1.0,False,2,2.0,2,1.5,True,0,False,True,1,1,False,False,False,N/A,0,0.0,0,0,0,0,0,0
matplotlib__matplotlib-26466,unresolved,unknown,32,35,10,32,26,1.0625,3,11.0,0.08571428571428572,22,5,45,1:cd,3,0.69,mixed,2,1.04,True,4,1.78,7,3.5,True,1,False,True,1,1,False,False,False,N/A,0,0.0,0,0,0,0,0,0
sphinx-doc__sphinx-8056,unresolved,unknown,13,14,1,8,12,1.0,1,5.0,0.0,5,5,15,0:cd,2,0.47,mixed,3,1.0,False,2,2.0,1,1.0,False,0,False,False,2,1,False,False,False,N/A,1,1.0,1,1,0,0,0,0
django__django-16136,unresolved,unknown,16,26,0,17,12,1.25,6,5.0,0.15384615384615385,6,2,26,7:cd,4,0.15,early,2,1.0,False,1,1.0,1,1.0,False,0,False,False,1,1,False,False,False,N/A,0,0.0,0,0,0,0,0,0
django__django-14493,unresolved,unknown,6,5,1,6,5,0.8333333333333334,0,0.0,0.0,0,0,6,0:think,1,0.5,middle,1,1.0,False,2,2.0,1,1.0,True,0,False,True,2,2,False,False,False,N/A,0,0.0,0,0,0,0,0,0
pylint-dev__pylint-4604,unresolved,unknown,57,61,8,59,42,1.0701754385964912,5,7.4,0.08196721311475409,15,2,69,0:cd,3,0.26,early,4,1.07,True,3,2.5,5,3.0,True,0,False,True,32,6,False,False,False,"('localization',)",17,5.2,5,26,0,0,0,0
django__django-11333,unresolved,unknown,14,15,4,11,12,1.0714285714285714,2,6.0,0.13333333333333333,10,2,19,0:cd,3,0.56,mixed,2,1.0,False,2,2.0,4,2.5,False,0,False,True,1,1,False,False,False,N/A,0,0.0,0,0,0,0,0,0
pytest-dev__pytest-7521,unresolved,unknown,27,39,1,32,16,1.2592592592592593,8,4.625,0.20512820512820512,10,1,40,1:cd,7,0.55,middle,5,1.29,True,2,1.5,2,1.5,True,0,False,False,1,1,False,False,False,N/A,0,0.0,0,0,0,0,0,0
sympy__sympy-13551,unresolved,unknown,18,29,0,22,8,1.3333333333333333,7,4.0,0.20689655172413793,5,2,29,0:cd,8,0.1,early,2,1.0,False,1,1.0,1,1.0,False,0,False,False,13,9,False,False,False,N/A,2,1.33,3,3,0,0,1,0
django__django-15814,resolved,unknown,19,23,0,14,11,1.2105263157894737,5,3.6,0.17391304347826086,8,2,23,1:cd,6,0.29,middle,6,1.0,False,1,1.0,1,1.0,False,0,False,False,1,1,False,False,False,N/A,0,0.0,0,0,0,0,0,0
astropy__astropy-12907,resolved,unknown,6,6,0,5,5,1.0,1,5.0,0.16666666666666666,5,5,6,0:cd,2,0.29,early,1,1.0,False,1,1.0,1,1.0,False,0,False,False,1,1,False,False,False,N/A,0,0.0,0,0,0,0,0,0
django__django-11951,resolved,unknown,19,23,3,15,13,1.1578947368421053,4,4.75,0.21739130434782608,10,2,26,0:cd,5,0.33,early,3,1.0,False,3,2.0,2,1.67,True,0,False,True,2,1,False,False,False,"('localization',)",1,1.0,1,1,0,0,0,0
django__django-14140,unresolved,unknown,8,10,0,6,5,1.25,3,3.0,0.3,5,2,10,0:cd,4,0.27,early,1,1.0,False,1,1.0,1,1.0,False,0,False,False,1,1,False,False,False,N/A,0,0.0,0,0,0,0,0,0
django__django-12262,resolved,unknown,18,25,1,15,11,1.3333333333333333,7,3.2857142857142856,0.24,9,1,26,1:cd,6,0.46,mixed,6,1.09,True,2,2.0,2,1.5,True,0,False,False,5,1,False,True,False,"('localization',)",4,4.0,1,4,0,0,0,0
django__django-16493,resolved,unknown,17,21,0,11,10,1.2352941176470589,5,3.4,0.23809523809523808,7,2,21,0:cd,6,0.18,early,2,1.0,False,1,1.0,2,2.0,False,0,False,False,1,1,False,False,False,N/A,0,0.0,0,0,0,0,0,0
sphinx-doc__sphinx-10449,unresolved,unknown,18,18,0,13,17,1.0,1,14.0,0.05555555555555555,14,14,18,0:cd,2,0.58,middle,1,1.0,False,1,1.0,8,8.0,False,1,False,False,1,1,False,False,False,N/A,0,0.0,0,0,0,0,0,0
scikit-learn__scikit-learn-12585,resolved,unknown,7,7,0,5,6,1.0,1,6.0,0.14285714285714285,6,6,7,0:cd,2,0.38,middle,1,1.0,False,1,1.0,1,1.0,False,0,False,False,1,1,False,False,False,N/A,0,0.0,0,0,0,0,0,0
pydata__xarray-7229,unresolved,unknown,19,21,4,18,16,1.105263157894737,3,6.666666666666667,0.14285714285714285,10,2,25,0:cd,3,0.45,early,5,1.11,True,4,3.33,2,1.5,True,0,False,True,8,1,False,False,False,N/A,7,7.0,1,7,0,0,0,0
sphinx-doc__sphinx-8035,resolved,unknown,26,28,3,27,22,1.0769230769230769,3,9.0,0.10714285714285714,18,3,31,0:cd,2,0.48,early,3,1.08,True,3,1.5,6,3.0,True,0,False,True,12,6,False,True,False,"('localization',)",3,1.5,4,5,0,1,0,0
django__django-15503,unresolved,unknown,11,15,0,9,6,1.3636363636363635,5,2.8,0.3333333333333333,5,2,15,0:cd,6,0.12,early,1,1.0,False,1,1.0,1,1.0,False,0,False,False,1,1,False,False,False,N/A,0,0.0,0,0,0,0,0,0
sympy__sympy-19954,resolved,unknown,14,22,0,12,11,1.2142857142857142,4,5.0,0.18181818181818182,7,3,22,0:cd,5,0.26,early,3,1.0,False,1,1.0,2,2.0,True,0,False,False,3,2,False,False,False,"('localization',)",1,1.0,1,1,0,0,0,0
astropy__astropy-8872,unresolved,unknown,37,46,7,39,16,1.2432432432432432,10,3.9,0.21739130434782608,10,1,53,0:cd,8,0.3,early,8,1.0,False,4,2.17,5,2.25,True,1,False,True,22,4,False,True,False,"('localization',)",6,3.6,5,18,0,0,0,0
django__django-13417,resolved,unknown,13,19,0,13,5,1.3076923076923077,5,2.6,0.2631578947368421,3,2,19,1:cd,7,0.55,mixed,7,1.1,True,1,1.0,4,4.0,False,2,False,False,1,1,False,False,False,N/A,0,0.0,0,0,0,0,0,0
django__django-10999,unresolved,unknown,5,5,0,4,4,1.0,1,4.0,0.2,4,4,5,0:cd,2,0.33,early,1,1.0,False,1,1.0,1,1.0,False,0,False,False,1,1,False,False,False,N/A,0,0.0,0,0,0,0,0,0
sympy__sympy-12489,unresolved,unknown,32,36,5,34,25,1.125,5,6.4,0.1388888888888889,22,2,41,23:str_replace_editor: str_replace,3,0.3,early,9,1.1,True,3,2.5,3,2.0,True,0,False,False,18,6,False,True,False,"('localization',)",7,2.4,5,7,0,5,0,0
sympy__sympy-13091,unresolved,unknown,20,20,2,19,16,1.0,1,4.0,0.05,4,4,22,10:python,2,0.52,mixed,4,1.0,False,2,1.4,4,3.0,True,3,False,False,3,2,False,False,False,"('localization',)",1,1.0,1,1,0,0,0,0
sympy__sympy-20154,resolved,unknown,15,21,1,16,11,1.2,4,4.25,0.19047619047619047,8,2,22,0:cd,6,0.45,early,5,1.0,False,2,1.25,4,2.5,True,0,False,True,4,3,False,False,False,N/A,1,1.0,1,1,0,0,0,0
matplotlib__matplotlib-26113,resolved,unknown,7,7,0,6,6,1.0,1,2.0,0.0,2,2,7,0:cd,2,0.62,mixed,2,1.0,False,1,1.0,3,3.0,True,0,False,False,1,1,False,False,False,N/A,0,0.0,0,0,0,0,0,0
django__django-13568,resolved,unknown,19,23,3,19,12,1.2105263157894737,5,2.6,0.17391304347826086,4,2,26,1:cd,5,0.46,middle,6,1.0,False,3,2.0,3,2.0,True,2,False,True,4,2,False,True,False,N/A,2,2.0,1,2,0,0,0,0
pydata__xarray-7233,resolved,unknown,14,15,0,12,12,1.0714285714285714,2,7.0,0.06666666666666667,12,2,15,0:cd,3,0.62,middle,2,1.0,False,1,1.0,7,7.0,True,0,False,False,1,1,False,False,False,N/A,0,0.0,0,0,0,0,0,0
django__django-15957,resolved,unknown,22,21,0,20,21,0.9545454545454546,0,0.0,0.0,0,0,21,0:pwd,1,0.5,early,3,1.0,False,1,1.0,5,5.0,False,0,False,False,6,3,False,False,False,N/A,2,1.5,2,3,0,0,0,0
django__django-16454,unresolved,unknown,26,37,1,28,13,1.3461538461538463,10,3.2,0.2702702702702703,8,2,38,4:cd,5,0.08,early,1,1.0,False,1,1.0,1,1.0,False,0,False,False,1,1,False,False,False,N/A,0,0.0,0,0,0,0,0,0
django__django-15037,resolved,unknown,16,26,0,16,7,1.4375,8,3.0,0.3076923076923077,6,2,26,1:cd,7,0.19,early,4,1.0,False,1,1.0,1,1.0,False,0,False,False,3,3,False,False,False,N/A,0,0.0,0,0,0,0,0,0
pytest-dev__pytest-10081,resolved,unknown,25,41,6,29,18,1.36,15,7.0,0.1951219512195122,12,2,47,1:cd,7,0.64,mixed,9,1.29,True,2,2.0,6,3.5,False,0,False,True,0,0,False,False,False,N/A,0,0.0,0,0,0,0,0,0
sphinx-doc__sphinx-8593,unresolved,unknown,36,38,1,32,32,1.0555555555555556,3,11.0,0.07894736842105263,28,2,39,0:cd,4,0.33,early,4,1.0,False,2,1.2,5,3.0,True,0,False,True,10,4,False,False,False,"('localization', 'validation')",4,3.0,2,3,0,3,0,0
sympy__sympy-16766,resolved,unknown,11,16,0,11,7,1.2727272727272727,4,3.5,0.25,5,2,16,0:cd,5,0.24,early,2,1.0,False,1,1.0,1,1.0,False,0,False,False,3,2,False,False,False,N/A,1,1.0,1,1,0,0,0,0
pytest-dev__pytest-7324,unresolved,unknown,31,38,8,35,19,1.2258064516129032,8,3.5,0.18421052631578946,6,2,46,1:cd,4,0.08,early,3,1.0,False,0,0.0,0,0.0,False,0,False,False,1,1,False,False,False,N/A,0,0.0,0,0,0,0,0,0
django__django-15695,unresolved,unknown,11,10,3,7,10,0.9090909090909091,0,0.0,0.0,0,0,13,0:cd,1,0.73,middle,2,1.0,False,3,2.5,2,1.33,True,0,False,False,1,1,False,False,False,N/A,0,0.0,0,0,0,0,0,0
django__django-12741,resolved,unknown,7,9,0,7,6,1.0,1,2.0,0.0,2,2,9,0:cd,3,0.5,mixed,4,1.25,True,1,1.0,2,2.0,False,0,False,False,2,2,False,False,False,N/A,0,0.0,0,0,0,0,0,0
django__django-16145,resolved,unknown,17,19,1,10,12,1.1176470588235294,3,2.3333333333333335,0.15789473684210525,3,1,20,9:cat,4,0.35,mixed,3,1.75,True,2,2.0,1,1.0,False,0,False,True,2,2,False,False,False,N/A,0,0.0,0,0,0,0,0,0
psf__requests-6028,unresolved,unknown,17,24,1,18,12,1.2941176470588236,8,4.125,0.16666666666666666,9,2,25,0:cd,6,0.44,middle,4,1.1,True,2,1.2,5,3.0,True,0,False,True,3,2,False,False,False,"('localization',)",1,1.0,1,1,0,0,0,0
matplotlib__matplotlib-24970,resolved,unknown,15,20,1,16,11,1.2,4,3.25,0.15,6,2,21,6:cd,5,0.29,early,3,1.0,False,2,1.5,2,1.5,True,0,False,False,4,2,False,False,False,"('localization',)",2,2.0,1,2,0,0,0,0
django__django-16082,resolved,unknown,17,18,6,17,14,1.0588235294117647,2,7.5,0.1111111111111111,12,3,24,0:cd,2,0.74,mixed,2,1.08,True,3,2.17,6,2.67,True,0,False,False,1,1,False,False,False,N/A,0,0.0,0,0,0,0,0,0
sphinx-doc__sphinx-8475,resolved,unknown,11,10,0,9,10,0.9090909090909091,0,0.0,0.0,0,0,10,0:cd,1,0.64,middle,1,1.0,False,1,1.0,1,1.0,False,0,False,False,2,2,False,False,False,N/A,0,0.0,0,0,0,0,0,0
django__django-15987,unresolved,unknown,18,26,1,17,12,1.4444444444444444,13,3.4615384615384617,0.34615384615384615,10,1,27,0:cd,7,0.19,early,3,1.0,False,2,2.0,1,1.0,False,0,False,False,5,1,False,True,False,N/A,4,4.0,1,4,0,0,0,0
django__django-13512,unresolved,unknown,20,22,2,14,18,1.05,2,4.0,0.045454545454545456,4,4,24,14:cd,2,0.39,early,2,1.0,False,3,1.5,4,2.0,True,1,False,True,2,1,False,False,False,"('localization',)",1,1.0,1,1,0,0,0,0
sympy__sympy-16886,resolved,unknown,29,37,6,29,20,1.206896551724138,8,6.625,0.1891891891891892,12,1,43,0:cd,5,0.26,early,4,1.0,False,3,2.5,4,2.33,True,0,False,True,9,5,True,True,False,N/A,4,4.0,1,2,0,0,2,0
django__django-16263,unresolved,unknown,23,36,1,23,7,1.5217391304347827,13,2.6923076923076925,0.3333333333333333,5,2,37,0:cd,14,0.3,early,5,1.0,False,2,1.2,5,3.0,True,1,False,False,3,2,False,False,False,N/A,1,1.0,1,1,0,0,0,0
django__django-17029,resolved,unknown,23,31,0,21,17,1.2173913043478262,6,4.666666666666667,0.16129032258064516,11,1,31,1:cd,6,0.28,early,3,1.0,False,1,1.0,4,4.0,True,0,False,False,1,1,False,False,False,N/A,0,0.0,0,0,0,0,0,0
django__django-11163,resolved,unknown,24,31,0,21,12,1.2916666666666667,8,3.5,0.22580645161290322,11,2,31,1:cd,8,0.56,mixed,8,1.06,True,1,1.0,5,5.0,True,0,False,False,2,1,False,False,False,N/A,1,1.0,1,0,0,1,0,0
astropy__astropy-7166,unresolved,unknown,34,53,2,43,14,1.2941176470588236,11,3.727272727272727,0.20754716981132076,6,1,55,9:cd,10,0.11,early,3,1.0,False,3,1.67,3,1.67,True,0,False,True,22,10,True,True,False,"('localization',)",6,2.0,6,9,0,0,3,0
django__django-12039,resolved,unknown,9,9,2,8,7,1.0,1,2.0,0.0,2,2,11,6:cd,2,0.3,early,2,1.0,False,2,2.0,2,1.5,False,0,False,False,3,2,False,False,False,N/A,1,1.0,1,1,0,0,0,0
scikit-learn__scikit-learn-14710,unresolved,unknown,44,62,2,53,28,1.2954545454545454,33,11.636363636363637,0.20967741935483872,21,2,64,7:cd,6,0.19,early,8,1.09,True,3,1.67,3,2.0,True,0,False,False,33,14,True,True,False,"('localization',)",9,2.71,7,18,0,0,1,0
psf__requests-5414,unresolved,unknown,17,29,1,17,10,1.4705882352941178,10,3.5,0.3103448275862069,7,2,30,1:cd,10,0.2,early,4,1.0,False,2,2.0,1,1.0,True,0,False,True,2,2,False,False,False,N/A,0,0.0,0,0,0,0,0,0
scikit-learn__scikit-learn-13779,resolved,unknown,6,6,0,5,5,1.0,1,5.0,0.16666666666666666,5,5,6,0:cd,2,0.29,early,1,1.0,False,1,1.0,1,1.0,False,0,False,False,1,1,False,False,False,N/A,0,0.0,0,0,0,0,0,0
django__django-14349,resolved,unknown,18,27,0,13,7,1.3888888888888888,8,2.625,0.25925925925925924,4,2,27,0:cd,9,0.36,mixed,9,1.0,False,1,1.0,1,1.0,False,0,False,False,1,1,False,False,False,N/A,0,0.0,0,0,0,0,0,0
