instance,resolution,debug_difficulty,node_count,exec_edge_count,hier_edge_count,step_count,longest_path,avg_out_degree,loop_count,avg_loop_length,backedge_fraction,max_loop_length,min_loop_length,edge_count,most_freq_node,most_freq_node_freq,loc_focus_ratio,loc_dominant_zone,loc_num_clusters,loc_avg_node_freq,repeated_view,max_view_depth,avg_view_depth,max_view_span,avg_view_span,scroll_behavior,num_deep_zooms_without_edit,back_and_forth_switch,zoom_out,patch_total,patch_success,flip_flop,repeat_failed_edit,abandonment,fail_to_success_patterns,fail_streak_max,fail_streak_avg,fail_streak_count,fail_type_not found,fail_type_no change,fail_type_multiple occurrences,fail_type_unknown,fail_type_invalid code
django__django-10914,resolved,unknown,9,10,0,9,8,1.1111111111111112,2,5.0,0.1,8,2,10,0:think,2,0.55,middle,2,1.0,False,1,1.0,4,4.0,True,1,False,False,1,1,False,False,False,N/A,0,0.0,0,0,0,0,0,0
sympy__sympy-13480,resolved,unknown,6,6,0,5,5,1.0,1,5.0,0.16666666666666666,5,5,6,0:cd,2,0.43,middle,1,1.0,False,1,1.0,1,1.0,False,0,False,False,1,1,False,False,False,N/A,0,0.0,0,0,0,0,0,0
django__django-16139,resolved,unknown,13,17,0,11,6,1.3076923076923077,5,3.4,0.29411764705882354,4,2,17,1:cd,4,0.28,middle,3,1.0,False,1,1.0,2,2.0,True,0,False,False,1,1,False,False,False,N/A,0,0.0,0,0,0,0,0,0
sympy__sympy-21379,unsubmitted,unknown,87,116,10,97,43,1.2528735632183907,25,5.72,0.19827586206896552,16,2,126,0:cd,12,0.42,early,27,1.14,True,5,1.52,23,7.0,True,4,False,True,38,9,False,True,False,"('localization',)",15,4.83,6,28,0,0,1,0
django__django-11790,unresolved,unknown,4,3,0,3,3,0.75,0,0.0,0.0,0,0,3,0:cd,1,0.5,middle,1,1.0,False,1,1.0,1,1.0,False,0,False,False,1,1,False,False,False,N/A,0,0.0,0,0,0,0,0,0
django__django-16667,unresolved,unknown,20,27,0,18,6,1.35,8,2.875,0.25925925925925924,4,2,27,1:cd,9,0.39,middle,6,1.0,False,1,1.0,5,5.0,False,2,False,False,1,1,False,False,False,N/A,0,0.0,0,0,0,0,0,0
django__django-15569,resolved,unknown,5,4,0,4,4,0.8,0,0.0,0.0,0,0,4,0:cd,1,0.6,middle,1,1.0,False,1,1.0,2,2.0,True,0,False,False,1,1,False,False,False,N/A,0,0.0,0,0,0,0,0,0
sphinx-doc__sphinx-7985,unresolved,unknown,16,33,0,11,9,1.5625,25,5.2,0.2727272727272727,8,2,33,4:cd,7,0.09,early,2,1.0,False,1,1.0,1,1.0,False,0,False,False,6,5,True,False,False,N/A,1,1.0,1,1,0,0,0,0
django__django-14855,resolved,unknown,11,10,1,9,10,0.9090909090909091,0,0.0,0.0,0,0,11,0:think,1,0.73,middle,2,1.0,False,2,1.5,2,1.5,True,0,False,False,1,1,False,False,False,N/A,0,0.0,0,0,0,0,0,0
scikit-learn__scikit-learn-25747,unresolved,unknown,19,31,1,20,7,1.5263157894736843,12,3.0,0.3225806451612903,5,2,32,0:cd,11,0.44,mixed,9,1.08,True,2,2.0,1,1.0,True,0,False,True,1,1,False,False,False,N/A,0,0.0,0,0,0,0,0,0
django__django-14034,unresolved,unknown,23,37,1,29,16,1.3043478260869565,8,4.875,0.21621621621621623,14,3,38,11:cd,8,0.18,early,2,1.0,False,2,1.5,2,1.5,True,0,False,False,8,7,False,False,False,"('localization',)",1,1.0,1,1,0,0,0,0
django__django-13925,unresolved,unknown,22,28,1,21,7,1.2727272727272727,7,3.5714285714285716,0.21428571428571427,5,2,29,0:cd,8,0.66,mixed,8,1.0,False,2,1.1,10,5.5,True,0,False,False,2,1,False,False,False,"('localization',)",1,1.0,1,1,0,0,0,0
django__django-11880,resolved,unknown,6,6,0,5,5,1.0,1,2.0,0.0,2,2,6,0:cd,2,0.57,late,2,1.0,False,1,1.0,2,2.0,False,0,False,False,1,1,False,False,False,N/A,0,0.0,0,0,0,0,0,0
sphinx-doc__sphinx-8459,resolved,unknown,41,47,6,35,33,1.146341463414634,8,2.875,0.0851063829787234,4,2,53,31:cd,6,0.62,mixed,6,1.0,False,3,1.67,7,4.33,True,2,False,True,5,5,True,False,False,N/A,0,0.0,0,0,0,0,0,0
scikit-learn__scikit-learn-14141,resolved,unknown,5,4,0,4,4,0.8,0,0.0,0.0,0,0,4,0:cd,1,0.6,middle,1,1.0,False,1,1.0,2,2.0,False,1,False,False,1,1,False,False,False,N/A,0,0.0,0,0,0,0,0,0
django__django-15382,resolved,unknown,19,25,1,20,11,1.3157894736842106,8,4.375,0.24,7,2,26,1:cd,6,0.5,mixed,6,1.0,False,1,1.0,7,7.0,False,1,False,False,1,1,False,False,False,N/A,0,0.0,0,0,0,0,0,0
django__django-12308,unresolved,unknown,8,10,0,7,5,1.25,3,2.3333333333333335,0.2,3,2,10,0:cd,4,0.45,middle,4,1.0,False,1,1.0,1,1.0,False,0,False,False,2,2,False,False,False,N/A,0,0.0,0,0,0,0,0,0
psf__requests-2931,unresolved,unknown,18,22,3,14,13,1.2222222222222223,5,3.6,0.18181818181818182,10,2,25,0:cd,6,0.43,middle,3,1.0,False,2,1.25,6,3.5,True,1,False,False,1,1,False,False,False,N/A,0,0.0,0,0,0,0,0,0
django__django-11820,unresolved,unknown,10,9,0,9,9,0.9,0,0.0,0.0,0,0,9,0:cd,1,0.6,middle,1,1.0,False,1,1.0,2,2.0,False,0,False,False,1,1,False,False,False,N/A,0,0.0,0,0,0,0,0,0
django__django-11179,resolved,unknown,5,4,0,4,4,0.8,0,0.0,0.0,0,0,4,0:cd,1,0.6,middle,1,1.0,False,1,1.0,1,1.0,False,0,False,False,1,1,False,False,False,N/A,0,0.0,0,0,0,0,0,0
matplotlib__matplotlib-22719,resolved,unknown,57,91,2,65,18,1.4035087719298245,30,5.066666666666666,0.24175824175824176,11,2,93,1:cd,13,0.33,mixed,14,1.11,True,2,1.36,9,6.5,True,2,False,True,22,12,False,False,False,"('localization',)",3,1.25,8,10,0,0,0,0
django__django-14122,unresolved,unknown,15,14,2,14,14,0.9333333333333333,0,0.0,0.0,0,0,16,0:cd,1,0.87,mixed,1,1.0,False,2,1.33,6,4.0,True,1,False,True,1,1,False,False,False,N/A,0,0.0,0,0,0,0,0,0
scikit-learn__scikit-learn-14053,resolved,unknown,16,17,4,15,15,1.0,1,5.0,0.058823529411764705,5,5,21,11:cd,2,0.44,early,2,1.0,False,3,2.67,2,1.67,True,0,False,True,2,2,False,False,False,N/A,0,0.0,0,0,0,0,0,0
sympy__sympy-18698,unsubmitted,unknown,52,96,1,70,15,1.5192307692307692,28,3.2142857142857144,0.2916666666666667,8,1,97,1:cd,27,0.05,early,4,1.25,True,2,2.0,2,1.5,True,0,False,False,39,20,False,True,False,N/A,8,1.9,10,19,0,0,0,0
sympy__sympy-19783,unsubmitted,unknown,57,115,5,97,26,1.6140350877192982,56,4.571428571428571,0.3217391304347826,12,1,120,1:cd,19,0.19,mixed,22,1.69,True,3,2.67,8,5.33,True,0,False,True,61,19,True,True,False,"('localization',)",19,3.82,11,34,0,1,7,0
sympy__sympy-15875,unresolved,unknown,30,39,2,30,11,1.3,10,3.5,0.23076923076923078,7,1,41,0:cd,10,0.72,mixed,10,1.04,True,2,1.12,17,9.5,True,3,False,True,1,1,False,False,False,N/A,0,0.0,0,0,0,0,0,0
pydata__xarray-3151,unresolved,unknown,11,11,1,11,10,1.0,1,8.0,0.09090909090909091,8,8,12,0:think,2,0.5,middle,1,1.0,False,2,2.0,1,1.0,False,0,False,False,1,1,False,False,False,N/A,0,0.0,0,0,0,0,0,0
sphinx-doc__sphinx-7748,unresolved,unknown,21,25,0,20,12,1.1904761904761905,5,4.2,0.16,9,2,25,0:cd,6,0.46,mixed,7,1.0,False,1,1.0,6,6.0,True,0,False,False,7,6,False,False,False,"('localization',)",1,1.0,1,1,0,0,0,0
pytest-dev__pytest-7236,unresolved,unknown,13,16,0,12,10,1.0769230769230769,2,2.0,0.0,2,2,16,1:cd,3,0.65,mixed,5,1.1,True,1,1.0,3,3.0,False,2,False,False,0,0,False,False,False,N/A,0,0.0,0,0,0,0,0,0
sympy__sympy-16450,resolved,unknown,23,27,2,27,13,1.173913043478261,5,4.0,0.18518518518518517,6,2,29,12:python,5,0.43,early,5,1.09,True,2,1.29,6,4.0,True,0,False,False,9,6,False,False,False,"('localization',)",2,1.5,2,3,0,0,0,0
django__django-11815,resolved,unknown,20,32,1,23,6,1.4,9,3.3333333333333335,0.28125,4,3,33,1:cd,10,0.21,early,5,1.17,True,2,1.67,2,2.0,True,1,False,False,2,2,False,False,False,N/A,0,0.0,0,0,0,0,0,0
django__django-11999,resolved,unknown,18,24,0,16,7,1.3333333333333333,7,3.142857142857143,0.25,5,2,24,0:cd,8,0.6,mixed,9,1.0,False,1,1.0,6,6.0,False,2,False,False,1,1,False,False,False,N/A,0,0.0,0,0,0,0,0,0
pytest-dev__pytest-5787,unresolved,unknown,26,33,7,20,11,1.2692307692307692,8,3.75,0.21212121212121213,8,2,40,1:cd,9,0.71,mixed,9,1.0,False,2,2.0,7,4.0,True,0,False,False,0,0,False,False,False,N/A,0,0.0,0,0,0,0,0,0
sphinx-doc__sphinx-8548,unresolved,unknown,34,33,2,33,33,0.9705882352941176,0,0.0,0.0,0,0,35,0:cd,1,0.91,mixed,1,1.0,False,2,1.17,12,7.0,True,2,False,False,2,2,False,False,False,N/A,0,0.0,0,0,0,0,0,0
django__django-11133,resolved,unknown,20,25,1,21,17,1.2,6,6.833333333333333,0.16,13,3,26,1:cd,4,0.42,middle,2,1.0,False,2,1.14,7,4.0,True,0,False,False,1,1,False,False,False,N/A,0,0.0,0,0,0,0,0,0
django__django-12774,unresolved,unknown,7,7,0,7,6,1.0,1,5.0,0.14285714285714285,5,5,7,0:think,2,0.5,middle,2,1.0,False,1,1.0,3,3.0,True,0,False,False,1,1,False,False,False,N/A,0,0.0,0,0,0,0,0,0
scikit-learn__scikit-learn-12973,unresolved,unknown,8,9,0,9,6,1.125,2,4.0,0.2222222222222222,6,2,9,0:think,3,0.5,middle,2,1.0,False,1,1.0,2,2.0,True,0,False,False,1,1,False,False,False,N/A,0,0.0,0,0,0,0,0,0
sphinx-doc__sphinx-7454,unresolved,unknown,46,70,5,51,15,1.4565217391304348,23,3.5217391304347827,0.32857142857142857,10,1,75,1:cd,19,0.32,early,16,1.05,True,2,1.4,6,4.0,True,3,False,True,6,5,False,False,False,"('localization',)",1,1.0,1,1,0,0,0,0
django__django-15252,unresolved,unknown,16,21,1,12,8,1.3125,6,3.1666666666666665,0.23809523809523808,6,2,22,1:cd,7,0.59,mixed,7,1.0,False,2,1.5,2,1.5,False,1,False,True,1,1,False,False,False,N/A,0,0.0,0,0,0,0,0,0
astropy__astropy-14598,unresolved,unknown,21,29,5,22,13,1.2380952380952381,6,4.833333333333333,0.20689655172413793,10,2,34,1:cd,4,0.33,early,5,1.0,False,2,2.0,5,3.0,False,0,False,False,6,4,False,False,False,N/A,1,1.0,2,2,0,0,0,0
django__django-15851,resolved,unknown,12,19,0,12,5,1.4166666666666667,6,2.5,0.2631578947368421,5,2,19,1:cd,8,0.4,middle,6,1.14,True,1,1.0,2,2.0,False,1,False,False,1,1,False,False,False,N/A,0,0.0,0,0,0,0,0,0
django__django-15930,unresolved,unknown,23,30,0,20,10,1.2608695652173914,7,3.5714285714285716,0.2,6,2,30,1:cd,8,0.52,mixed,7,1.0,False,1,1.0,9,9.0,True,1,False,False,1,1,False,False,False,N/A,0,0.0,0,0,0,0,0,0
django__django-14608,resolved,unknown,20,25,0,19,15,1.25,6,3.8333333333333335,0.2,11,2,25,1:cd,6,0.58,mixed,7,1.0,False,1,1.0,8,8.0,True,1,False,False,2,2,False,False,False,N/A,0,0.0,0,0,0,0,0,0
matplotlib__matplotlib-22865,unresolved,unknown,31,40,0,27,20,1.2580645161290323,9,3.888888888888889,0.175,11,2,40,1:cd,5,0.27,early,5,1.0,False,1,1.0,6,6.0,True,0,False,False,1,1,False,False,False,N/A,0,0.0,0,0,0,0,0,0
django__django-14500,unresolved,unknown,9,8,0,9,8,0.8888888888888888,0,0.0,0.0,0,0,8,0:ls,1,0.78,mixed,1,1.0,False,1,1.0,3,3.0,False,1,False,False,1,1,False,False,False,N/A,0,0.0,0,0,0,0,0,0
scikit-learn__scikit-learn-13142,resolved,unknown,12,11,3,12,11,0.9166666666666666,0,0.0,0.0,0,0,14,0:find,1,0.83,mixed,1,1.0,False,2,2.0,3,2.5,False,1,False,False,2,2,False,False,False,N/A,0,0.0,0,0,0,0,0,0
scikit-learn__scikit-learn-14496,resolved,unknown,10,9,1,9,9,0.9,0,0.0,0.0,0,0,10,0:think,1,0.5,middle,2,1.0,False,2,2.0,1,1.0,True,0,False,True,3,1,False,False,False,"('localization',)",2,2.0,1,0,0,2,0,0
sympy__sympy-17318,unresolved,unknown,12,13,0,13,10,1.0833333333333333,2,4.5,0.15384615384615385,5,4,13,1:str_replace_editor: view,2,0.57,early,2,1.14,True,1,1.0,6,6.0,True,1,False,False,1,1,False,False,False,N/A,0,0.0,0,0,0,0,0,0
scikit-learn__scikit-learn-14087,unresolved,unknown,69,100,5,99,31,1.391304347826087,47,7.1063829787234045,0.29,16,1,105,11:python,10,0.26,early,15,1.37,True,3,2.08,6,5.33,True,0,False,True,48,9,True,True,False,"('validation',)",16,6.5,6,29,0,0,10,0
django__django-15103,unresolved,unknown,31,45,8,27,13,1.3225806451612903,11,3.727272727272727,0.24444444444444444,8,2,53,0:cd,12,0.39,middle,8,1.06,True,2,2.0,8,5.0,True,1,False,False,5,4,False,False,False,N/A,1,1.0,1,1,0,0,0,0
django__django-14238,resolved,unknown,7,6,0,6,6,0.8571428571428571,0,0.0,0.0,0,0,6,0:cd,1,0.71,mixed,1,1.0,False,1,1.0,2,2.0,False,1,False,False,1,1,False,False,False,N/A,0,0.0,0,0,0,0,0,0
sympy__sympy-23950,unsubmitted,unknown,66,120,11,100,30,1.393939393939394,136,11.323529411764707,0.225,17,1,131,12:set_env,14,0.36,mixed,23,2.05,True,3,2.17,13,9.33,True,1,False,True,40,13,True,True,False,"('localization',)",11,3.86,7,21,0,1,5,0
sympy__sympy-13878,resolved,unknown,68,99,20,100,56,1.2794117647058822,30,3.933333333333333,0.26262626262626265,15,1,119,44:str_replace_editor: str_replace,13,0.34,early,17,1.03,True,3,2.22,17,7.33,True,0,False,False,66,13,True,True,False,"('localization',)",30,5.89,9,40,0,0,13,0
sphinx-doc__sphinx-9673,unresolved,unknown,35,49,1,31,17,1.3142857142857143,13,4.076923076923077,0.1836734693877551,8,2,50,1:cd,9,0.38,mixed,11,1.12,True,2,1.17,6,3.5,False,3,False,False,6,5,False,False,False,N/A,1,1.0,1,1,0,0,0,0
django__django-16569,resolved,unknown,5,4,1,4,4,0.8,0,0.0,0.0,0,0,5,0:cd,1,0.6,middle,1,1.0,False,2,2.0,1,1.0,True,0,False,True,1,1,False,False,False,N/A,0,0.0,0,0,0,0,0,0
scikit-learn__scikit-learn-25102,unresolved,unknown,79,109,10,97,31,1.240506329113924,22,6.590909090909091,0.1743119266055046,20,1,119,8:cd,11,0.23,mixed,21,1.09,True,4,2.18,6,4.5,True,0,False,True,53,16,True,True,False,"('localization',)",6,3.7,10,27,0,1,9,0
sympy__sympy-21847,unsubmitted,unknown,73,100,11,100,34,1.3424657534246576,46,8.673913043478262,0.25,23,2,111,4:python3,10,0.18,mixed,14,1.2,True,3,3.0,6,3.67,True,0,False,False,48,10,False,True,False,"('localization',)",13,4.22,9,36,0,0,2,0
django__django-15277,resolved,unknown,12,15,0,11,6,1.25,4,3.0,0.2,4,2,15,0:cd,5,0.62,mixed,5,1.0,False,1,1.0,5,5.0,False,0,False,False,1,1,False,False,False,N/A,0,0.0,0,0,0,0,0,0
pylint-dev__pylint-8898,unresolved,unknown,27,38,2,31,19,1.1851851851851851,6,3.5,0.15789473684210525,4,3,40,16:cd,7,0.28,early,1,1.0,False,2,1.5,3,2.5,False,2,False,False,1,1,False,False,False,N/A,0,0.0,0,0,0,0,0,0
psf__requests-2317,resolved,unknown,14,15,2,15,11,1.0714285714285714,2,6.5,0.13333333333333333,9,4,17,0:think,3,0.69,mixed,3,1.0,False,2,1.2,6,3.5,False,1,False,False,1,1,False,False,False,N/A,0,0.0,0,0,0,0,0,0
matplotlib__matplotlib-23412,unsubmitted,unknown,5,4,0,4,4,0.8,0,0.0,0.0,0,0,4,0:think,1,0.6,late,1,1.0,False,1,1.0,1,1.0,False,1,False,False,0,0,False,False,False,N/A,0,0.0,0,0,0,0,0,0
sympy__sympy-16792,resolved,unknown,69,105,9,77,25,1.391304347826087,35,6.142857142857143,0.2571428571428571,20,1,114,0:cd,18,0.38,mixed,28,1.14,True,4,1.55,13,5.0,True,0,False,True,25,4,False,True,False,"('localization',)",9,7.0,3,18,0,3,0,0
sympy__sympy-12481,unresolved,unknown,45,68,7,44,12,1.4,24,4.375,0.25,7,2,75,1:cd,16,0.38,early,12,1.24,True,3,2.83,5,3.33,True,0,False,True,16,7,False,False,False,"('localization',)",3,1.8,5,9,0,0,0,0
sympy__sympy-12096,unresolved,unknown,61,113,12,100,20,1.540983606557377,52,4.423076923076923,0.2920353982300885,10,1,125,7:cd,12,0.25,mixed,23,1.45,True,5,3.14,6,4.6,True,0,False,True,61,12,True,True,False,"('localization',)",31,8.17,6,41,0,0,8,0
sympy__sympy-24066,unsubmitted,unknown,49,113,3,100,16,1.5918367346938775,75,5.706666666666667,0.36283185840707965,10,1,116,22:str_replace_editor: view,16,0.2,mixed,22,3.83,True,2,2.0,20,10.5,True,0,False,False,62,14,False,True,False,"('localization',)",26,4.36,11,46,0,0,2,0
django__django-13794,unresolved,unknown,7,7,1,6,6,1.0,1,2.0,0.0,2,2,8,0:cd,2,0.62,mixed,2,1.0,False,2,2.0,1,1.0,False,0,False,False,1,1,False,False,False,N/A,0,0.0,0,0,0,0,0,0
django__django-16901,resolved,unknown,27,34,0,23,23,1.1851851851851851,6,4.5,0.14705882352941177,15,2,34,18:set_env,4,0.34,early,1,1.0,False,0,0.0,0,0.0,False,0,False,False,2,2,False,False,False,N/A,0,0.0,0,0,0,0,0,0
pydata__xarray-4094,unresolved,unknown,24,33,5,26,15,1.25,7,4.571428571428571,0.18181818181818182,11,2,38,0:cd,8,0.32,early,5,1.0,False,2,2.0,5,3.0,False,0,False,False,11,7,False,False,False,"('localization',)",1,1.0,4,4,0,0,0,0
matplotlib__matplotlib-23299,unresolved,unknown,79,118,9,99,31,1.2658227848101267,25,5.88,0.2457627118644068,14,1,127,72:str_replace_editor: str_replace,13,0.31,early,23,1.06,True,3,1.48,15,8.33,True,2,False,False,51,16,True,True,True,"('localization',)",23,5.0,7,20,0,1,14,0
scikit-learn__scikit-learn-10908,unresolved,unknown,15,15,0,14,14,1.0,1,2.0,0.0,2,2,15,0:cd,2,0.81,mixed,2,1.0,False,1,1.0,11,11.0,False,0,False,False,1,1,False,False,False,N/A,0,0.0,0,0,0,0,0,0
django__django-16485,resolved,unknown,66,113,11,100,33,1.3333333333333333,29,7.620689655172414,0.2743362831858407,21,1,124,54:str_replace_editor: str_replace,18,0.23,mixed,23,1.44,True,4,2.13,12,5.75,True,1,False,True,62,11,True,True,False,"('localization',)",25,8.5,6,33,0,0,18,0
astropy__astropy-7336,resolved,unknown,8,12,0,9,6,1.375,4,3.25,0.3333333333333333,4,2,12,1:cd,4,0.31,early,2,1.0,False,1,1.0,1,1.0,False,0,False,False,1,1,False,False,False,N/A,0,0.0,0,0,0,0,0,0
django__django-13033,unresolved,unknown,27,60,0,33,8,1.6296296296296295,36,3.888888888888889,0.35,6,2,60,0:cd,17,0.54,mixed,22,1.43,True,0,0.0,0,0.0,False,0,False,False,0,0,False,False,False,N/A,0,0.0,0,0,0,0,0,0
sphinx-doc__sphinx-9602,unresolved,unknown,14,16,0,10,11,1.1428571428571428,3,3.6666666666666665,0.125,7,2,16,0:cd,4,0.59,middle,4,1.0,False,1,1.0,3,3.0,False,2,False,False,3,2,False,False,False,N/A,1,1.0,1,0,0,0,1,0
astropy__astropy-14096,unresolved,unknown,33,40,4,40,23,1.2121212121212122,9,5.444444444444445,0.2,13,2,44,9:python,6,0.24,early,3,1.11,True,2,1.4,5,3.5,True,0,False,True,7,5,False,False,False,N/A,2,2.0,1,2,0,0,0,0
django__django-13109,resolved,unknown,12,16,1,11,9,1.25,4,2.75,0.125,5,2,17,5:cd,4,0.41,mixed,4,1.0,False,2,1.33,3,2.0,True,2,False,True,1,1,False,False,False,N/A,0,0.0,0,0,0,0,0,0
django__django-14580,unresolved,unknown,18,23,2,12,10,1.2222222222222223,5,4.8,0.21739130434782608,6,3,25,1:cd,5,0.42,early,5,1.0,False,2,1.5,3,2.0,True,0,False,False,1,1,False,False,False,N/A,0,0.0,0,0,0,0,0,0
pydata__xarray-3095,unresolved,unknown,12,15,0,11,7,1.25,4,3.25,0.2,6,2,15,0:cd,5,0.62,middle,5,1.0,False,1,1.0,5,5.0,False,0,False,False,1,1,False,False,False,N/A,0,0.0,0,0,0,0,0,0
django__django-14315,unresolved,unknown,19,19,2,19,16,1.0,1,3.0,0.05263157894736842,3,3,21,14:str_replace_editor: view,2,0.4,early,5,1.14,True,2,1.5,5,3.5,True,1,False,True,11,6,False,False,False,"('localization',)",2,1.25,4,5,0,0,0,0
matplotlib__matplotlib-24627,unresolved,unknown,59,81,6,64,20,1.305084745762712,21,5.380952380952381,0.2222222222222222,9,2,87,19:cd,9,0.28,early,14,1.1,True,3,1.78,7,4.67,True,1,False,True,12,4,False,True,False,"('localization',)",5,2.67,3,8,0,0,0,0
django__django-15315,resolved,unknown,8,8,0,7,6,1.0,1,4.0,0.125,4,4,8,1:cd,2,0.56,mixed,2,1.0,False,1,1.0,3,3.0,False,0,False,False,1,1,False,False,False,N/A,0,0.0,0,0,0,0,0,0
django__django-13158,resolved,unknown,19,23,1,16,8,1.2105263157894737,5,3.6,0.17391304347826086,5,3,24,1:cd,6,0.67,mixed,6,1.0,False,2,1.14,7,4.0,True,2,False,False,1,1,False,False,False,N/A,0,0.0,0,0,0,0,0,0
scikit-learn__scikit-learn-13439,resolved,unknown,15,22,0,18,11,1.3333333333333333,8,5.375,0.3181818181818182,10,3,22,9:python,4,0.39,middle,3,1.0,False,1,1.0,3,3.0,False,1,False,False,1,1,False,False,False,N/A,0,0.0,0,0,0,0,0,0
sphinx-doc__sphinx-7590,unsubmitted,unknown,22,24,1,20,16,1.0909090909090908,3,7.666666666666667,0.125,9,7,25,0:think,3,0.68,mixed,4,1.06,True,2,1.2,5,3.0,True,0,False,False,3,2,False,False,False,N/A,1,1.0,1,1,0,0,0,0
sympy__sympy-19495,unsubmitted,unknown,13,23,0,17,7,1.3846153846153846,6,3.6666666666666665,0.2608695652173913,5,3,23,0:cd,7,0.46,middle,5,1.38,True,1,1.0,1,1.0,False,0,False,False,4,2,False,False,False,N/A,2,2.0,1,2,0,0,0,0
pydata__xarray-3677,unresolved,unknown,52,76,2,52,24,1.2884615384615385,17,5.411764705882353,0.19736842105263158,10,2,78,13:cd,11,0.17,early,3,1.08,True,2,1.5,4,3.5,True,0,False,True,13,10,True,False,False,N/A,1,1.0,3,3,0,0,0,0
astropy__astropy-14182,unresolved,unknown,62,114,11,100,20,1.5161290322580645,41,4.7073170731707314,0.3157894736842105,13,1,125,8:cd,14,0.15,mixed,11,1.31,True,4,2.0,7,4.0,True,0,False,False,37,19,False,True,False,N/A,8,2.57,7,18,0,0,0,0
django__django-15916,unresolved,unknown,18,18,2,16,17,1.0,1,16.0,0.05555555555555555,16,16,20,0:think,2,0.79,mixed,2,1.0,False,2,1.25,7,4.5,True,0,False,True,1,1,False,False,False,N/A,0,0.0,0,0,0,0,0,0
sympy__sympy-15017,unresolved,unknown,5,5,0,4,4,1.0,1,4.0,0.2,4,4,5,0:cd,2,0.33,early,1,1.0,False,1,1.0,1,1.0,False,0,False,False,1,1,False,False,False,N/A,0,0.0,0,0,0,0,0,0
django__django-13346,unresolved,unknown,13,16,2,11,8,1.1538461538461537,3,3.6666666666666665,0.125,5,3,18,1:cd,4,0.59,middle,4,1.11,True,2,1.67,2,2.0,False,1,False,False,2,2,False,False,False,N/A,0,0.0,0,0,0,0,0,0
django__django-16950,unresolved,unknown,33,39,1,32,14,1.1818181818181819,7,5.0,0.15384615384615385,10,2,40,1:cd,8,0.75,mixed,8,1.0,False,2,1.05,21,11.0,True,2,False,False,1,1,False,False,False,N/A,0,0.0,0,0,0,0,0,0
scikit-learn__scikit-learn-25973,unresolved,unknown,84,110,23,100,39,1.2142857142857142,22,7.954545454545454,0.16363636363636364,25,1,133,15:cd,8,0.27,mixed,20,1.15,True,4,3.0,8,4.5,True,0,False,True,60,14,False,True,False,"('localization',)",16,4.6,10,43,0,0,3,0
django__django-16256,unresolved,unknown,24,26,7,23,21,1.0833333333333333,3,2.3333333333333335,0.07692307692307693,3,2,33,0:cd,4,0.44,mixed,9,1.0,False,3,2.17,6,2.67,True,0,False,False,11,5,False,False,False,"('localization',)",4,2.0,3,6,0,0,0,0
django__django-13741,resolved,unknown,25,34,9,25,13,1.32,9,3.5555555555555554,0.23529411764705882,9,2,43,1:cd,10,0.6,mixed,9,1.0,False,3,1.67,9,4.0,True,1,False,False,2,2,False,False,False,N/A,0,0.0,0,0,0,0,0,0
astropy__astropy-14539,unresolved,unknown,35,58,9,58,17,1.2571428571428571,10,3.6,0.27586206896551724,8,2,67,32:str_replace_editor: view,10,0.34,late,15,1.82,True,5,3.25,10,3.6,True,0,False,False,28,7,False,True,False,"('localization',)",14,4.2,5,21,0,0,0,0
django__django-16315,unresolved,unknown,56,99,2,67,16,1.5178571428571428,36,4.638888888888889,0.29292929292929293,11,2,101,1:cd,27,0.35,early,19,1.09,True,2,1.29,12,8.0,True,3,False,False,2,2,False,False,False,N/A,0,0.0,0,0,0,0,0,0
sympy__sympy-20916,unsubmitted,unknown,3,2,0,2,2,0.6666666666666666,0,0.0,0.0,0,0,2,0:cd,1,0.67,middle,1,1.0,False,1,1.0,1,1.0,False,1,False,False,0,0,False,False,False,N/A,0,0.0,0,0,0,0,0,0
django__django-15572,resolved,unknown,11,15,0,10,5,1.3636363636363635,5,2.6,0.26666666666666666,5,2,15,1:cd,6,0.38,mixed,5,1.0,False,1,1.0,1,1.0,False,0,False,False,2,2,False,False,False,N/A,0,0.0,0,0,0,0,0,0
django__django-11206,unresolved,unknown,12,16,1,11,6,1.25,4,3.5,0.1875,4,3,17,1:cd,5,0.35,middle,3,1.0,False,2,2.0,1,1.0,False,0,False,False,1,1,False,False,False,N/A,0,0.0,0,0,0,0,0,0
sphinx-doc__sphinx-8265,unresolved,unknown,15,20,1,15,6,1.2666666666666666,5,3.8,0.25,4,3,21,0:cd,6,0.43,early,4,1.0,False,2,1.25,4,2.5,True,2,False,False,2,2,False,False,False,N/A,0,0.0,0,0,0,0,0,0
sympy__sympy-15599,unresolved,unknown,5,4,0,4,4,0.8,0,0.0,0.0,0,0,4,0:cd,1,0.4,middle,1,1.0,False,1,1.0,1,1.0,False,0,False,False,1,1,False,False,False,N/A,0,0.0,0,0,0,0,0,0
sphinx-doc__sphinx-8721,resolved,unknown,33,47,0,10,19,1.2121212121212122,15,8.6,0.1702127659574468,12,3,47,0:cd,3,0.15,early,5,1.4,True,1,1.0,2,2.0,False,1,False,False,11,11,True,False,False,N/A,0,0.0,0,0,0,0,0,0
sympy__sympy-11618,resolved,unknown,13,15,1,13,11,1.1538461538461537,3,7.666666666666667,0.2,11,2,16,1:cd,3,0.5,middle,1,1.0,False,2,1.2,5,3.0,True,0,False,True,1,1,False,False,False,N/A,0,0.0,0,0,0,0,0,0
django__django-12858,unsubmitted,unknown,6,6,0,5,4,1.0,1,3.0,0.16666666666666666,3,3,6,1:cd,2,0.57,middle,2,1.0,False,0,0.0,0,0.0,False,0,False,False,0,0,False,False,False,N/A,0,0.0,0,0,0,0,0,0
pytest-dev__pytest-10051,unresolved,unknown,18,26,0,20,11,1.2222222222222223,5,4.4,0.15384615384615385,8,3,26,1:cd,6,0.74,mixed,6,1.25,True,1,1.0,4,4.0,True,0,False,False,0,0,False,False,False,N/A,0,0.0,0,0,0,0,0,0
django__django-11400,unresolved,unknown,23,32,0,17,10,1.3043478260869565,8,3.0,0.21875,4,2,32,1:cd,9,0.48,mixed,9,1.0,False,1,1.0,5,5.0,True,1,False,False,2,2,False,False,False,N/A,0,0.0,0,0,0,0,0,0
pydata__xarray-3305,resolved,unknown,42,44,0,41,38,1.0476190476190477,3,4.0,0.045454545454545456,8,2,44,1:cd,4,0.87,mixed,4,1.0,False,1,1.0,35,35.0,False,1,False,False,1,1,False,False,False,N/A,0,0.0,0,0,0,0,0,0
django__django-16938,unresolved,unknown,48,81,5,64,20,1.3541666666666667,19,4.2105263157894735,0.2222222222222222,10,1,86,11:cd,17,0.09,early,1,1.0,False,2,1.33,3,2.0,True,2,False,False,1,1,False,False,False,N/A,0,0.0,0,0,0,0,0,0
matplotlib__matplotlib-20488,resolved,unknown,19,25,0,20,16,1.1578947368421053,4,6.0,0.16,9,3,25,0:cd,5,0.46,early,2,1.0,False,1,1.0,7,7.0,True,0,False,False,5,4,False,False,False,"('localization',)",1,1.0,1,1,0,0,0,0
scikit-learn__scikit-learn-25931,resolved,unknown,17,25,1,20,8,1.2941176470588236,6,3.8333333333333335,0.24,5,1,26,1:cd,6,0.31,early,4,1.0,False,2,1.25,4,2.5,True,0,False,True,6,3,False,True,False,"('localization',)",2,1.5,2,3,0,0,0,0
matplotlib__matplotlib-25287,resolved,unknown,15,16,1,15,13,1.0666666666666667,2,8.0,0.125,12,4,17,0:think,2,0.65,middle,2,1.1,True,2,1.25,4,2.5,True,0,False,True,3,2,False,False,False,"('localization',)",1,1.0,1,1,0,0,0,0
sphinx-doc__sphinx-10673,resolved,unknown,34,47,0,38,26,1.1764705882352942,7,6.142857142857143,0.2553191489361702,20,1,47,22:str_replace_editor: str_replace,7,0.42,early,2,1.0,False,1,1.0,8,8.0,True,2,False,False,2,2,False,False,False,N/A,0,0.0,0,0,0,0,0,0
sympy__sympy-20590,unsubmitted,unknown,29,32,0,32,22,1.103448275862069,4,8.0,0.125,18,2,32,0:think,3,0.45,early,4,1.0,False,1,1.0,6,6.0,True,2,False,False,8,5,False,False,False,"('localization',)",2,1.5,2,3,0,0,0,0
matplotlib__matplotlib-26342,resolved,unknown,18,21,7,17,12,1.1666666666666667,4,4.75,0.19047619047619047,6,3,28,0:cd,4,0.68,mixed,5,1.07,True,3,2.14,7,3.0,True,0,False,False,3,3,True,False,False,N/A,0,0.0,0,0,0,0,0,0
scikit-learn__scikit-learn-13496,resolved,unknown,16,16,0,14,13,1.0,1,3.0,0.0625,3,3,16,9:str_replace_editor: view,2,0.76,mixed,2,1.08,True,1,1.0,8,8.0,True,1,False,False,3,3,False,False,False,N/A,0,0.0,0,0,0,0,0,0
django__django-13786,unresolved,unknown,20,25,0,14,11,1.25,7,3.857142857142857,0.24,8,2,25,1:cd,6,0.27,early,2,1.0,False,1,1.0,4,4.0,False,2,False,False,1,1,False,False,False,N/A,0,0.0,0,0,0,0,0,0
sphinx-doc__sphinx-9461,unresolved,unknown,16,21,1,15,8,1.3125,6,3.3333333333333335,0.23809523809523808,6,2,22,0:cd,7,0.64,mixed,7,1.0,False,2,1.17,6,3.5,True,1,False,False,1,1,False,False,False,N/A,0,0.0,0,0,0,0,0,0
astropy__astropy-13579,unresolved,unknown,12,11,1,11,11,0.9166666666666666,0,0.0,0.0,0,0,12,0:cd,1,0.83,mixed,1,1.0,False,2,1.17,6,3.5,False,4,False,False,1,1,False,False,False,N/A,0,0.0,0,0,0,0,0,0
django__django-11728,unresolved,unknown,10,14,0,9,6,1.4,5,3.2,0.2857142857142857,5,2,14,1:cd,5,0.33,middle,3,1.0,False,1,1.0,1,1.0,False,0,False,False,1,1,False,False,False,N/A,0,0.0,0,0,0,0,0,0
django__django-16877,resolved,unknown,18,26,0,17,7,1.4444444444444444,9,2.7777777777777777,0.3076923076923077,5,2,26,0:cd,10,0.56,mixed,9,1.0,False,1,1.0,6,6.0,False,1,False,False,1,1,False,False,False,N/A,0,0.0,0,0,0,0,0,0
django__django-15863,unsubmitted,unknown,1,0,0,1,0,0.0,0,0.0,0.0,0,0,0,0:think,1,0.0,none,0,0.0,False,0,0.0,0,0.0,False,0,False,False,0,0,False,False,False,N/A,0,0.0,0,0,0,0,0,0
django__django-12713,resolved,unknown,12,12,1,11,11,1.0,1,2.0,0.0,2,2,13,0:cd,2,0.77,mixed,2,1.0,False,2,1.25,4,2.5,True,0,False,True,1,1,False,False,False,N/A,0,0.0,0,0,0,0,0,0
pydata__xarray-6599,resolved,unknown,10,9,3,9,9,0.9,0,0.0,0.0,0,0,12,0:think,1,0.6,late,2,1.0,False,3,2.5,2,1.33,True,0,False,True,2,2,False,False,False,N/A,0,0.0,0,0,0,0,0,0
django__django-11451,resolved,unknown,3,2,0,3,2,0.6666666666666666,0,0.0,0.0,0,0,2,0:grep,1,0.67,early,1,1.0,False,1,1.0,1,1.0,False,0,False,False,1,1,False,False,False,N/A,0,0.0,0,0,0,0,0,0
django__django-15278,unresolved,unknown,51,66,1,46,36,1.2549019607843137,15,8.2,0.18181818181818182,33,2,67,4:cd,11,0.57,middle,11,1.0,False,2,1.05,21,11.0,True,5,False,False,1,1,False,False,False,N/A,0,0.0,0,0,0,0,0,0
sympy__sympy-13647,resolved,unknown,20,20,6,16,19,1.0,1,16.0,0.05,16,16,26,0:cd,2,0.57,early,1,1.0,False,2,2.0,5,3.5,True,0,False,True,1,1,False,False,False,N/A,0,0.0,0,0,0,0,0,0
astropy__astropy-8707,unresolved,unknown,52,68,2,65,29,1.25,16,4.125,0.23529411764705882,11,1,70,18:python,8,0.26,early,9,1.2,True,2,1.25,10,6.0,True,1,False,False,31,11,True,True,False,"('localization',)",5,2.5,8,15,0,0,5,0
sympy__sympy-23534,unsubmitted,unknown,74,99,13,99,22,1.2972972972972974,50,6.88,0.21212121212121213,13,2,112,10:python3,16,0.37,mixed,23,1.48,True,4,3.17,18,6.5,True,0,False,True,48,24,False,False,False,"('localization',)",4,1.71,14,24,0,0,0,0
scikit-learn__scikit-learn-11578,resolved,unknown,4,3,0,3,3,0.75,0,0.0,0.0,0,0,3,0:cd,1,0.5,middle,1,1.0,False,1,1.0,1,1.0,False,0,False,False,1,1,False,False,False,N/A,0,0.0,0,0,0,0,0,0
django__django-15467,resolved,unknown,9,8,1,8,8,0.8888888888888888,0,0.0,0.0,0,0,9,0:think,1,0.56,middle,1,1.0,False,2,1.5,2,1.5,True,0,False,True,2,2,False,False,False,N/A,0,0.0,0,0,0,0,0,0
django__django-11740,unresolved,unknown,24,28,0,22,20,1.1666666666666667,5,7.6,0.17857142857142858,16,2,28,0:cd,3,0.17,early,1,1.0,False,1,1.0,4,4.0,False,4,False,False,1,1,False,False,False,N/A,0,0.0,0,0,0,0,0,0
sphinx-doc__sphinx-9367,resolved,unknown,9,13,0,8,5,1.4444444444444444,5,2.6,0.23076923076923078,4,2,13,1:cd,5,0.36,middle,3,1.0,False,1,1.0,1,1.0,False,0,False,False,1,1,False,False,False,N/A,0,0.0,0,0,0,0,0,0
django__django-14089,resolved,unknown,4,3,0,4,3,0.75,0,0.0,0.0,0,0,3,0:find,1,0.75,mixed,1,1.0,False,1,1.0,1,1.0,False,0,False,False,1,1,False,False,False,N/A,0,0.0,0,0,0,0,0,0
django__django-16032,unresolved,unknown,35,51,0,22,7,1.457142857142857,17,2.8823529411764706,0.3137254901960784,6,2,51,1:cd,18,0.58,mixed,17,1.0,False,1,1.0,2,2.0,False,0,False,False,1,1,False,False,False,N/A,0,0.0,0,0,0,0,0,0
astropy__astropy-14369,unresolved,unknown,29,55,0,43,10,1.4827586206896552,15,3.466666666666667,0.32727272727272727,7,1,55,1:cd,13,0.12,early,3,1.0,False,1,1.0,3,3.0,False,2,False,False,11,7,False,False,False,N/A,2,1.33,3,4,0,0,0,0
django__django-13212,unresolved,unknown,23,24,1,21,21,1.0434782608695652,2,2.5,0.041666666666666664,3,2,25,0:cd,3,0.24,early,3,1.0,False,2,2.0,1,1.0,False,0,False,False,16,10,False,False,False,N/A,2,1.5,4,5,0,1,0,0
django__django-11299,resolved,unknown,40,71,1,51,7,1.475,20,3.4,0.2676056338028169,5,2,72,0:cd,21,0.21,early,9,1.07,True,2,1.2,5,3.0,True,1,False,False,2,2,False,False,False,N/A,0,0.0,0,0,0,0,0,0
sympy__sympy-13372,unresolved,unknown,79,113,17,95,34,1.2531645569620253,29,8.758620689655173,0.18584070796460178,24,1,130,7:cd,13,0.32,mixed,28,1.33,True,4,2.6,8,6.25,True,0,False,True,47,18,True,True,False,"('localization',)",8,2.23,13,29,0,0,0,0
django__django-15973,unresolved,unknown,59,72,6,70,52,1.1864406779661016,14,9.642857142857142,0.18055555555555555,41,1,78,51:str_replace_editor: view,4,0.37,mixed,22,1.23,True,2,1.33,16,11.0,True,0,False,True,39,13,False,True,False,"('localization',)",4,2.36,11,26,0,0,0,0
django__django-11477,unresolved,unknown,12,11,0,11,11,0.9166666666666666,0,0.0,0.0,0,0,11,0:cd,1,0.83,mixed,1,1.0,False,1,1.0,5,5.0,True,2,False,False,1,1,False,False,False,N/A,0,0.0,0,0,0,0,0,0
django__django-11265,unresolved,unknown,15,23,0,12,10,1.2666666666666666,5,4.2,0.21739130434782608,7,2,23,1:cd,6,0.58,mixed,5,1.27,True,1,1.0,3,3.0,True,1,False,False,1,1,False,False,False,N/A,0,0.0,0,0,0,0,0,0
matplotlib__matplotlib-25332,resolved,unknown,27,49,0,30,12,1.5925925925925926,24,4.041666666666667,0.3877551020408163,8,2,49,1:cd,8,0.26,early,7,1.0,False,1,1.0,6,6.0,True,2,False,False,3,3,False,False,False,N/A,0,0.0,0,0,0,0,0,0
scikit-learn__scikit-learn-9288,unresolved,unknown,22,24,4,24,13,1.0909090909090908,3,4.333333333333333,0.125,5,4,28,9:python,4,0.44,early,4,1.0,False,2,2.0,4,2.5,True,0,False,False,7,5,False,False,False,"('localization',)",1,1.0,2,2,0,0,0,0
django__django-16116,resolved,unknown,5,5,0,4,4,1.0,1,3.0,0.2,3,3,5,0:cd,2,0.5,mixed,2,1.0,False,1,1.0,1,1.0,False,0,False,False,1,1,False,False,False,N/A,0,0.0,0,0,0,0,0,0
pytest-dev__pytest-5631,unresolved,unknown,36,52,3,37,14,1.3611111111111112,15,4.066666666666666,0.2692307692307692,8,2,55,1:cd,13,0.68,mixed,13,1.16,True,3,1.71,5,3.0,True,1,False,True,0,0,False,False,False,N/A,0,0.0,0,0,0,0,0,0
pydata__xarray-4075,unresolved,unknown,52,101,1,97,13,1.7115384615384615,48,3.2083333333333335,0.43564356435643564,6,1,102,11:python,25,0.17,late,13,2.12,True,2,2.0,9,5.5,True,0,False,False,55,25,True,True,False,"('localization',)",8,2.14,14,22,0,0,8,0
django__django-15380,resolved,unknown,24,28,1,23,21,1.1666666666666667,6,5.5,0.17857142857142858,19,2,29,0:cd,5,0.24,early,3,1.0,False,2,1.5,2,1.5,True,0,False,False,1,1,False,False,False,N/A,0,0.0,0,0,0,0,0,0
django__django-16899,unresolved,unknown,11,12,1,10,8,1.0909090909090908,2,5.0,0.16666666666666666,8,2,13,1:cd,3,0.46,middle,2,1.0,False,2,2.0,1,1.0,True,0,False,False,1,1,False,False,False,N/A,0,0.0,0,0,0,0,0,0
sympy__sympy-18199,unresolved,unknown,7,8,1,6,5,1.1428571428571428,2,2.5,0.125,3,2,9,0:cd,3,0.56,mixed,3,1.0,False,2,2.0,1,1.0,False,0,False,False,1,1,False,False,False,N/A,0,0.0,0,0,0,0,0,0
sympy__sympy-19346,unsubmitted,unknown,9,11,0,8,6,1.2222222222222223,3,3.3333333333333335,0.18181818181818182,6,2,11,0:cd,4,0.42,middle,3,1.0,False,1,1.0,2,2.0,False,1,False,False,1,1,False,False,False,N/A,0,0.0,0,0,0,0,0,0
sympy__sympy-13757,unresolved,unknown,61,120,5,98,23,1.4918032786885247,33,4.212121212121212,0.31666666666666665,10,1,125,1:cd,22,0.13,early,8,1.14,True,3,1.67,8,4.0,True,0,False,False,53,19,True,True,False,"('localization',)",17,3.4,10,27,0,0,7,0
sympy__sympy-14976,unresolved,unknown,71,117,6,99,28,1.408450704225352,99,6.646464646464646,0.2564102564102564,14,2,123,15:cd,17,0.36,early,20,1.45,True,2,1.18,31,18.0,True,0,False,True,38,17,False,True,False,"('localization',)",3,1.75,12,20,0,0,1,0
django__django-11433,unresolved,unknown,8,9,0,7,6,1.125,2,4.0,0.2222222222222222,6,2,9,0:cd,3,0.6,mixed,3,1.0,False,1,1.0,2,2.0,True,0,False,False,1,1,False,False,False,N/A,0,0.0,0,0,0,0,0,0
scikit-learn__scikit-learn-10844,resolved,unknown,9,10,0,8,7,1.1111111111111112,2,4.5,0.2,7,2,10,0:cd,3,0.27,early,1,1.0,False,1,1.0,1,1.0,False,0,False,False,1,1,False,False,False,N/A,0,0.0,0,0,0,0,0,0
sympy__sympy-17630,unresolved,unknown,17,24,4,18,8,1.2941176470588236,6,3.6666666666666665,0.25,6,3,28,1:cd,7,0.44,middle,4,1.0,False,3,2.0,3,2.33,True,1,False,True,3,3,False,False,False,N/A,0,0.0,0,0,0,0,0,0
django__django-14170,unresolved,unknown,14,16,0,11,11,1.1428571428571428,3,4.333333333333333,0.125,9,2,16,0:cd,4,0.59,middle,2,1.0,False,1,1.0,6,6.0,True,1,False,False,3,3,True,False,False,N/A,0,0.0,0,0,0,0,0,0
django__django-13569,unresolved,unknown,80,125,3,98,21,1.375,31,3.5483870967741935,0.248,9,1,128,14:cd,24,0.09,early,4,1.0,False,2,1.2,5,3.0,True,0,False,True,6,5,False,False,False,N/A,1,1.0,1,1,0,0,0,0
django__django-11087,unresolved,unknown,23,29,0,19,14,1.2608695652173914,7,3.2857142857142856,0.20689655172413793,5,1,29,1:cd,6,0.6,mixed,8,1.0,False,1,1.0,7,7.0,True,1,False,False,4,2,False,True,False,"('localization',)",2,2.0,1,2,0,0,0,0
sympy__sympy-16597,unresolved,unknown,18,19,1,14,16,1.0555555555555556,2,7.5,0.10526315789473684,13,2,20,0:cd,3,0.4,early,2,1.0,False,2,1.33,3,2.0,False,2,False,False,4,1,False,False,False,"('localization',)",3,3.0,1,3,0,0,0,0
sphinx-doc__sphinx-7910,resolved,unknown,16,20,0,17,13,1.25,5,5.6,0.2,12,1,20,1:cd,4,0.52,middle,3,1.0,False,1,1.0,8,8.0,True,1,False,False,2,2,False,False,False,N/A,0,0.0,0,0,0,0,0,0
django__django-13590,resolved,unknown,10,10,0,10,9,1.0,1,8.0,0.1,8,8,10,0:think,2,0.64,middle,2,1.0,False,1,1.0,4,4.0,False,0,False,False,1,1,False,False,False,N/A,0,0.0,0,0,0,0,0,0
django__django-16662,resolved,unknown,10,12,0,8,7,1.2,3,2.6666666666666665,0.16666666666666666,4,2,12,0:cd,4,0.31,early,3,1.0,False,1,1.0,1,1.0,False,0,False,False,1,1,False,False,False,N/A,0,0.0,0,0,0,0,0,0
scikit-learn__scikit-learn-14894,resolved,unknown,22,42,0,26,12,1.5,24,6.458333333333333,0.30952380952380953,10,2,42,1:cd,7,0.23,early,6,1.11,True,1,1.0,2,2.0,True,0,False,False,1,1,False,False,False,N/A,0,0.0,0,0,0,0,0,0
django__django-16527,resolved,unknown,12,16,0,11,8,1.3333333333333333,5,4.2,0.3125,8,2,16,1:cd,3,0.29,middle,3,1.0,False,1,1.0,2,2.0,False,1,False,False,1,1,False,False,False,N/A,0,0.0,0,0,0,0,0,0
sphinx-doc__sphinx-9229,unresolved,unknown,41,64,0,49,25,1.3170731707317074,17,6.9411764705882355,0.171875,14,3,64,1:cd,5,0.2,early,6,1.44,True,1,1.0,4,4.0,True,0,False,False,4,3,False,False,False,N/A,1,1.0,1,1,0,0,0,0
django__django-15128,unresolved,unknown,31,41,1,31,23,1.2258064516129032,8,4.75,0.21951219512195122,16,1,42,1:cd,7,0.31,early,2,1.0,False,2,1.17,6,3.5,True,0,False,True,2,2,False,False,False,N/A,0,0.0,0,0,0,0,0,0
django__django-14631,unresolved,unknown,41,74,0,48,21,1.3658536585365855,16,4.625,0.21621621621621623,15,1,74,1:cd,15,0.19,early,8,1.0,False,1,1.0,6,6.0,True,0,False,False,23,12,True,True,False,"('localization',)",3,1.83,6,7,0,0,4,0
sphinx-doc__sphinx-9258,unresolved,unknown,39,66,2,46,12,1.4615384615384615,19,3.526315789473684,0.2727272727272727,7,2,68,1:cd,12,0.33,early,13,1.05,True,2,1.25,8,5.0,True,0,False,False,6,5,False,False,False,N/A,1,1.0,1,1,0,0,0,0
sympy__sympy-23413,unsubmitted,unknown,28,42,1,29,18,1.3214285714285714,11,5.545454545454546,0.23809523809523808,15,2,43,1:cd,9,0.26,early,2,1.0,False,2,2.0,1,1.0,False,0,False,True,3,2,False,False,True,N/A,1,1.0,1,1,0,0,0,0
django__django-13551,unresolved,unknown,8,10,0,8,6,1.25,3,4.333333333333333,0.3,6,2,10,1:cd,3,0.27,middle,1,1.0,False,1,1.0,1,1.0,False,0,False,False,1,1,False,False,False,N/A,0,0.0,0,0,0,0,0,0
django__django-13121,unresolved,unknown,28,45,4,37,18,1.3214285714285714,12,6.25,0.24444444444444444,15,3,49,1:cd,9,0.26,early,3,1.2,True,2,2.0,5,3.5,True,1,False,True,1,1,False,False,False,N/A,0,0.0,0,0,0,0,0,0
psf__requests-1766,resolved,unknown,11,15,0,10,7,1.3636363636363635,5,3.6,0.26666666666666666,6,2,15,1:cd,5,0.31,middle,3,1.0,False,1,1.0,2,2.0,True,0,False,False,1,1,False,False,False,N/A,0,0.0,0,0,0,0,0,0
django__django-17087,unsubmitted,unknown,18,19,1,17,16,1.0555555555555556,2,2.0,0.05263157894736842,2,2,20,0:cd,3,0.65,middle,4,1.0,False,2,1.17,6,3.5,True,1,False,False,4,2,False,False,False,N/A,1,1.0,2,2,0,0,0,0
sphinx-doc__sphinx-10323,unsubmitted,unknown,18,24,1,18,12,1.1666666666666667,4,5.0,0.16666666666666666,7,3,25,1:cd,5,0.24,early,2,1.0,False,2,2.0,1,1.0,False,1,False,False,1,1,False,False,False,N/A,0,0.0,0,0,0,0,0,0
matplotlib__matplotlib-24149,unresolved,unknown,72,96,12,85,33,1.2222222222222223,32,7.34375,0.17708333333333334,11,2,108,11:cd,8,0.34,mixed,24,1.32,True,4,1.78,13,6.25,True,0,False,True,44,13,False,True,False,"('localization',)",9,3.44,9,30,0,0,1,0
django__django-10554,unresolved,unknown,44,66,3,52,27,1.3181818181818181,16,3.6875,0.21212121212121213,7,2,69,25:cd,9,0.3,early,8,1.0,False,2,1.33,6,4.0,True,1,False,True,3,3,False,False,False,N/A,0,0.0,0,0,0,0,0,0
sympy__sympy-15809,unresolved,unknown,15,18,1,11,11,1.2,4,3.75,0.2222222222222222,9,2,19,0:cd,5,0.37,early,1,1.0,False,2,2.0,1,1.0,False,0,False,False,1,1,False,False,False,N/A,0,0.0,0,0,0,0,0,0
django__django-12273,unresolved,unknown,13,12,0,12,12,0.9230769230769231,0,0.0,0.0,0,0,12,0:think,1,0.77,mixed,1,1.0,False,0,0.0,0,0.0,False,0,False,False,1,1,False,False,False,N/A,0,0.0,0,0,0,0,0,0
astropy__astropy-7671,unresolved,unknown,10,15,0,10,8,1.3,5,4.8,0.26666666666666666,6,3,15,1:cd,3,0.38,early,3,1.0,False,1,1.0,1,1.0,False,0,False,False,1,1,False,False,False,N/A,0,0.0,0,0,0,0,0,0
django__django-10973,resolved,unknown,8,10,0,7,5,1.25,3,3.0,0.2,5,2,10,0:cd,4,0.45,mixed,4,1.0,False,1,1.0,1,1.0,False,0,False,False,1,1,False,False,False,N/A,0,0.0,0,0,0,0,0,0
sphinx-doc__sphinx-9698,resolved,unknown,17,21,2,11,7,1.2352941176470589,5,3.2,0.19047619047619047,4,3,23,1:cd,6,0.64,mixed,6,1.0,False,2,2.0,2,1.5,False,0,False,False,1,1,False,False,False,N/A,0,0.0,0,0,0,0,0,0
django__django-12708,resolved,unknown,37,68,1,48,14,1.4054054054054055,24,4.5,0.35294117647058826,10,2,69,1:cd,12,0.16,early,4,1.1,True,2,1.5,3,2.5,True,0,False,True,3,2,False,False,False,N/A,1,1.0,1,1,0,0,0,0
sphinx-doc__sphinx-8621,unresolved,unknown,61,103,6,82,16,1.4262295081967213,33,4.454545454545454,0.2524271844660194,9,1,109,1:cd,13,0.12,late,11,1.33,True,4,4.0,4,2.0,True,0,False,True,18,8,True,True,False,"('localization',)",2,1.43,7,8,0,0,2,0
django__django-11555,unresolved,unknown,22,29,3,21,15,1.2727272727272727,8,4.375,0.2413793103448276,13,2,32,0:cd,7,0.43,early,4,1.0,False,2,1.33,5,3.0,False,1,False,False,1,1,False,False,False,N/A,0,0.0,0,0,0,0,0,0
django__django-13363,resolved,unknown,11,13,1,10,7,1.1818181818181819,3,3.6666666666666665,0.23076923076923078,6,2,14,1:cd,4,0.36,middle,2,1.0,False,2,1.5,2,1.5,False,1,False,False,2,2,False,False,False,N/A,0,0.0,0,0,0,0,0,0
django__django-12754,unresolved,unknown,83,115,11,98,26,1.2530120481927711,25,6.2,0.19130434782608696,14,2,126,1:cd,15,0.3,early,13,1.21,True,5,1.5,17,5.4,True,0,False,True,27,10,False,False,False,"('localization',)",5,2.83,6,17,0,0,0,0
django__django-16801,resolved,unknown,9,8,0,9,8,0.8888888888888888,0,0.0,0.0,0,0,8,0:ls,1,0.89,mixed,2,1.0,False,1,1.0,5,5.0,True,0,False,False,1,1,False,False,False,N/A,0,0.0,0,0,0,0,0,0
django__django-15563,unresolved,unknown,58,78,3,57,37,1.1724137931034482,11,3.5454545454545454,0.21794871794871795,6,2,81,27:cd,9,0.22,early,1,1.0,False,2,1.2,9,5.5,True,4,False,True,1,1,False,False,False,N/A,0,0.0,0,0,0,0,0,0
pydata__xarray-6721,unresolved,unknown,78,125,8,99,18,1.358974358974359,32,4.625,0.232,11,2,133,17:cd,21,0.15,early,10,1.19,True,2,1.5,9,7.0,True,2,False,True,13,6,False,True,False,"('localization',)",2,1.4,5,5,0,2,0,0
django__django-14787,unresolved,unknown,33,83,0,73,19,1.5151515151515151,18,2.9444444444444446,0.42168674698795183,6,1,83,26:str_replace_editor: str_replace,15,0.04,early,1,1.0,False,1,1.0,2,2.0,False,1,False,False,58,10,True,True,False,N/A,45,12.0,4,36,0,0,12,0
sympy__sympy-14531,unresolved,unknown,22,30,0,19,9,1.3636363636363635,9,3.2222222222222223,0.26666666666666666,7,2,30,0:cd,10,0.58,mixed,8,1.0,False,1,1.0,8,8.0,True,1,False,False,1,1,False,False,False,N/A,0,0.0,0,0,0,0,0,0
django__django-14725,unresolved,unknown,24,30,0,25,20,1.1666666666666667,5,5.4,0.13333333333333333,20,1,30,0:cd,6,0.58,mixed,5,1.06,True,1,1.0,12,12.0,True,1,False,False,5,3,False,True,False,"('localization',)",2,2.0,1,2,0,0,0,0
django__django-12143,resolved,unknown,13,20,0,12,6,1.5384615384615385,8,2.75,0.35,5,2,20,1:cd,8,0.43,mixed,8,1.0,False,1,1.0,1,1.0,False,0,False,False,1,1,False,False,False,N/A,0,0.0,0,0,0,0,0,0
sympy__sympy-24539,unsubmitted,unknown,67,118,7,99,17,1.507462686567164,71,5.887323943661972,0.2796610169491525,10,1,125,8:cd,19,0.19,mixed,20,1.92,True,4,2.0,10,5.25,True,1,False,True,50,15,False,True,False,"('localization',)",20,4.38,8,34,0,0,1,0
django__django-14434,unresolved,unknown,12,14,4,11,8,1.1666666666666667,3,3.3333333333333335,0.14285714285714285,5,2,18,0:cd,4,0.67,mixed,4,1.0,False,3,2.0,3,2.0,True,1,False,False,1,1,False,False,False,N/A,0,0.0,0,0,0,0,0,0
matplotlib__matplotlib-20676,unresolved,unknown,58,86,14,69,24,1.2758620689655173,29,5.551724137931035,0.19767441860465115,16,3,100,1:cd,15,0.26,early,7,1.05,True,3,1.93,10,6.0,True,0,False,True,23,16,True,False,False,"('localization',)",2,1.17,6,7,0,0,0,0
sympy__sympy-19637,unsubmitted,unknown,11,11,2,10,9,1.0,1,2.0,0.0,2,2,13,8:cd,2,0.58,early,1,1.0,False,2,2.0,2,1.5,False,0,False,False,1,1,False,False,False,N/A,0,0.0,0,0,0,0,0,0
sympy__sympy-24443,unsubmitted,unknown,36,61,1,49,12,1.3888888888888888,17,4.705882352941177,0.2459016393442623,7,1,62,5:cd,12,0.21,mixed,9,1.18,True,2,1.33,5,3.5,True,0,False,False,16,11,False,True,False,"('localization',)",3,1.67,3,5,0,0,0,0
pylint-dev__pylint-7080,unresolved,unknown,41,43,2,36,34,1.048780487804878,3,12.333333333333334,0.06976744186046512,19,1,45,1:cd,2,0.61,middle,2,1.04,True,2,1.11,17,9.5,True,2,False,True,5,1,False,True,False,N/A,4,4.0,1,4,0,0,0,0
sympy__sympy-13852,unresolved,unknown,10,12,0,9,9,1.1,2,5.5,0.16666666666666666,8,3,12,0:cd,3,0.38,early,1,1.0,False,1,1.0,2,2.0,False,0,False,False,1,1,False,False,False,N/A,0,0.0,0,0,0,0,0,0
matplotlib__matplotlib-23314,resolved,unknown,16,15,0,13,15,0.9375,0,0.0,0.0,0,0,15,0:think,1,0.69,mixed,1,1.0,False,1,1.0,4,4.0,True,0,False,False,1,1,False,False,False,N/A,0,0.0,0,0,0,0,0,0
sphinx-doc__sphinx-9281,resolved,unknown,78,114,15,94,28,1.3461538461538463,49,8.081632653061224,0.23684210526315788,18,2,129,1:cd,11,0.43,mixed,33,1.09,True,4,1.62,22,9.5,True,1,False,False,29,12,False,True,False,"('localization',)",2,1.55,11,17,0,0,0,0
django__django-13279,resolved,unknown,7,6,0,5,6,0.8571428571428571,0,0.0,0.0,0,0,6,0:cd,1,0.71,mixed,1,1.0,False,1,1.0,1,1.0,False,0,False,False,1,1,False,False,False,N/A,0,0.0,0,0,0,0,0,0
mwaskom__seaborn-3187,unresolved,unknown,12,12,0,10,11,1.0,1,7.0,0.08333333333333333,7,7,12,0:think,2,0.31,early,3,1.0,False,1,1.0,3,3.0,False,2,False,False,1,1,False,False,False,N/A,0,0.0,0,0,0,0,0,0
django__django-10880,resolved,unknown,14,18,2,13,8,1.2857142857142858,5,2.4,0.2777777777777778,3,2,20,0:cd,6,0.53,mixed,6,1.0,False,2,2.0,2,2.0,False,1,False,False,3,3,False,False,False,N/A,0,0.0,0,0,0,0,0,0
scikit-learn__scikit-learn-14629,unresolved,unknown,56,75,6,67,30,1.3035714285714286,44,12.204545454545455,0.25333333333333335,23,2,81,8:python,6,0.29,mixed,15,1.22,True,6,4.0,4,1.83,True,0,False,True,29,11,True,True,False,"('localization',)",6,3.0,6,18,0,0,0,0
django__django-15104,resolved,unknown,9,12,0,8,5,1.3333333333333333,4,2.75,0.3333333333333333,5,2,12,0:cd,5,0.31,early,2,1.0,False,1,1.0,1,1.0,False,0,False,False,1,1,False,False,False,N/A,0,0.0,0,0,0,0,0,0
django__django-16819,resolved,unknown,45,65,2,46,25,1.288888888888889,17,6.0588235294117645,0.23076923076923078,17,2,67,0:cd,11,0.15,early,1,1.0,False,2,1.14,7,4.0,True,2,False,False,7,5,False,False,False,N/A,1,1.0,2,2,0,0,0,0
sphinx-doc__sphinx-7440,resolved,unknown,19,26,0,22,13,1.3157894736842106,7,4.571428571428571,0.2692307692307692,8,2,26,1:cd,5,0.41,early,2,1.1,True,1,1.0,6,6.0,True,1,False,False,2,2,False,False,False,N/A,0,0.0,0,0,0,0,0,0
django__django-15098,unresolved,unknown,48,67,4,54,29,1.25,16,8.0,0.208955223880597,25,2,71,1:cd,11,0.31,early,6,1.05,True,2,1.42,10,7.5,True,4,False,False,11,6,False,False,False,"('localization',)",1,1.0,5,5,0,0,0,0
pydata__xarray-4356,unresolved,unknown,8,7,0,7,7,0.875,0,0.0,0.0,0,0,7,0:cd,1,0.62,middle,1,1.0,False,1,1.0,1,1.0,False,0,False,False,2,2,False,False,False,N/A,0,0.0,0,0,0,0,0,0
pydata__xarray-4687,unresolved,unknown,15,18,2,14,10,1.1333333333333333,3,3.6666666666666665,0.1111111111111111,5,3,20,1:cd,4,0.63,mixed,5,1.09,True,3,1.4,5,2.33,True,0,False,True,2,2,False,False,False,N/A,0,0.0,0,0,0,0,0,0
scikit-learn__scikit-learn-26323,unresolved,unknown,60,65,6,62,35,1.0833333333333333,6,6.0,0.09230769230769231,8,2,71,5:python,3,0.35,early,10,1.05,True,2,1.58,8,7.5,True,0,False,True,31,13,False,False,False,"('localization',)",5,1.8,10,18,0,0,0,0
sympy__sympy-14248,unresolved,unknown,76,99,3,99,31,1.2763157894736843,25,5.6,0.2222222222222222,16,1,102,23:python3,14,0.38,early,18,1.23,True,3,1.3,19,8.0,True,2,False,True,46,19,True,True,False,"('localization',)",4,2.45,11,26,0,0,1,0
django__django-11066,resolved,unknown,7,9,0,6,4,1.2857142857142858,3,2.0,0.2222222222222222,2,2,9,0:cd,4,0.5,mixed,4,1.0,False,1,1.0,1,1.0,False,0,False,False,1,1,False,False,False,N/A,0,0.0,0,0,0,0,0,0
django__django-14007,unresolved,unknown,60,90,0,70,19,1.35,30,4.6,0.23333333333333334,9,1,90,22:cd,14,0.24,early,13,1.05,True,0,0.0,0,0.0,False,0,False,False,31,18,False,True,False,"('localization',)",3,1.62,8,13,0,0,0,0
pylint-dev__pylint-6528,unresolved,unknown,31,33,2,24,28,1.064516129032258,4,13.0,0.09090909090909091,22,4,35,0:cd,2,0.53,early,3,1.12,True,3,2.0,4,2.33,True,2,False,True,8,6,True,False,False,"('localization',)",2,2.0,1,2,0,0,0,0
sympy__sympy-22914,unsubmitted,unknown,29,50,1,34,13,1.4827586206896552,15,3.533333333333333,0.28,8,2,51,9:cd,9,0.2,early,7,1.11,True,2,1.5,2,1.5,False,1,False,False,14,11,False,False,False,"('localization',)",1,1.0,3,2,0,0,1,0
astropy__astropy-14995,unresolved,unknown,65,104,4,100,33,1.323076923076923,26,4.384615384615385,0.33653846153846156,13,1,108,62:str_replace_editor: str_replace,18,0.28,mixed,20,1.61,True,3,1.5,13,6.33,True,0,False,True,66,8,True,True,False,"('localization',)",30,9.67,6,37,0,0,21,0
sympy__sympy-15976,unresolved,unknown,20,27,5,21,14,1.25,6,4.166666666666667,0.18518518518518517,9,2,32,1:cd,7,0.5,mixed,6,1.0,False,3,2.5,3,2.0,True,0,False,False,4,2,False,False,False,"('localization',)",2,2.0,1,2,0,0,0,0
sphinx-doc__sphinx-11510,unresolved,unknown,34,33,3,32,33,0.9705882352941176,0,0.0,0.0,0,0,36,0:think,1,0.79,mixed,3,1.0,False,3,1.21,14,5.67,True,1,False,False,5,3,False,False,False,N/A,2,2.0,1,2,0,0,0,0
django__django-16333,resolved,unknown,11,14,1,10,6,1.2727272727272727,4,2.25,0.21428571428571427,3,2,15,1:cd,5,0.53,mixed,5,1.0,False,2,1.5,2,1.5,True,1,False,False,1,1,False,False,False,N/A,0,0.0,0,0,0,0,0,0
django__django-13807,unresolved,unknown,9,9,0,6,7,1.0,1,3.0,0.0,3,3,9,1:cd,2,0.5,mixed,2,1.0,False,1,1.0,1,1.0,False,0,False,False,2,2,False,False,False,N/A,0,0.0,0,0,0,0,0,0
django__django-15499,resolved,unknown,7,6,1,6,6,0.8571428571428571,0,0.0,0.0,0,0,7,0:cd,1,0.71,mixed,1,1.0,False,2,1.5,2,1.5,False,1,False,False,1,1,False,False,False,N/A,0,0.0,0,0,0,0,0,0
sympy__sympy-12419,unresolved,unknown,31,46,1,39,17,1.2258064516129032,8,5.625,0.21739130434782608,11,3,47,1:cd,8,0.32,early,4,1.0,False,1,1.0,1,1.0,False,0,False,False,8,8,False,False,False,N/A,0,0.0,0,0,0,0,0,0
django__django-11099,resolved,unknown,9,10,0,7,8,1.1111111111111112,2,4.0,0.1,5,3,10,0:think,2,0.45,middle,2,1.0,False,1,1.0,1,1.0,False,0,False,False,2,2,False,False,False,N/A,0,0.0,0,0,0,0,0,0
django__django-12965,unresolved,unknown,20,28,1,19,6,1.4,9,2.888888888888889,0.2857142857142857,4,2,29,1:cd,10,0.59,mixed,10,1.0,False,2,1.17,6,3.5,False,3,False,True,1,1,False,False,False,N/A,0,0.0,0,0,0,0,0,0
astropy__astropy-13236,unresolved,unknown,8,7,0,7,7,0.875,0,0.0,0.0,0,0,7,0:think,1,0.62,middle,1,1.0,False,1,1.0,2,2.0,False,0,False,False,1,1,False,False,False,N/A,0,0.0,0,0,0,0,0,0
matplotlib__matplotlib-20859,resolved,unknown,19,25,2,21,15,1.1578947368421053,4,3.25,0.16,5,2,27,11:cd,4,0.31,early,2,1.0,False,2,1.67,2,2.0,True,0,False,True,7,5,False,True,False,N/A,2,2.0,1,2,0,0,0,0
django__django-13344,unresolved,unknown,23,34,2,22,11,1.3478260869565217,9,3.6666666666666665,0.23529411764705882,8,2,36,0:cd,10,0.23,early,3,1.0,False,2,2.0,2,1.5,True,1,False,False,1,1,False,False,False,N/A,0,0.0,0,0,0,0,0,0
astropy__astropy-13977,unresolved,unknown,82,114,9,100,45,1.2804878048780488,29,6.068965517241379,0.19298245614035087,22,1,123,6:cd,10,0.27,mixed,24,1.24,True,4,1.82,12,6.0,True,0,False,True,60,14,True,True,False,"('localization',)",10,4.6,10,41,0,0,5,0
django__django-11119,resolved,unknown,8,13,0,8,4,1.5,5,2.4,0.3076923076923077,4,2,13,0:cd,6,0.43,mixed,5,1.0,False,1,1.0,1,1.0,False,0,False,False,1,1,False,False,False,N/A,0,0.0,0,0,0,0,0,0
pytest-dev__pytest-6202,resolved,unknown,8,9,1,6,6,1.125,2,4.0,0.2222222222222222,6,2,10,0:cd,3,0.5,middle,2,1.0,False,2,2.0,1,1.0,True,0,False,True,0,0,False,False,False,N/A,0,0.0,0,0,0,0,0,0
sympy__sympy-18189,unresolved,unknown,84,103,0,90,43,1.1547619047619047,30,14.133333333333333,0.1262135922330097,33,1,103,13:python,9,0.36,mixed,22,1.06,True,0,0.0,0,0.0,False,0,False,False,40,12,True,True,False,"('general',)",10,4.0,7,27,0,0,1,0
django__django-15732,unresolved,unknown,34,62,0,29,11,1.588235294117647,31,3.5483870967741935,0.3709677419354839,9,2,62,1:cd,19,0.13,early,7,1.0,False,1,1.0,1,1.0,False,0,False,False,5,5,True,False,False,N/A,0,0.0,0,0,0,0,0,0
django__django-16631,unresolved,unknown,10,11,3,9,8,1.1,2,2.0,0.09090909090909091,2,2,14,0:cd,3,0.67,mixed,3,1.0,False,2,2.0,3,2.5,False,1,False,True,1,1,False,False,False,N/A,0,0.0,0,0,0,0,0,0
sympy__sympy-17139,unresolved,unknown,14,19,0,12,11,1.1428571428571428,3,3.6666666666666665,0.15789473684210525,5,3,19,7:cd,4,0.45,early,3,1.0,False,1,1.0,1,1.0,False,0,False,False,3,3,False,False,False,N/A,0,0.0,0,0,0,0,0,0
django__django-16612,resolved,unknown,22,31,1,20,13,1.3636363636363635,9,2.6666666666666665,0.2903225806451613,4,2,32,13:python,7,0.12,early,2,1.0,False,2,2.0,1,1.0,True,0,False,False,3,2,False,False,False,"('localization',)",1,1.0,1,1,0,0,0,0
django__django-14915,resolved,unknown,16,18,0,15,12,1.125,3,4.666666666666667,0.1111111111111111,10,2,18,1:cd,4,0.68,mixed,4,1.0,False,1,1.0,9,9.0,False,0,False,False,1,1,False,False,False,N/A,0,0.0,0,0,0,0,0,0
astropy__astropy-13398,unresolved,unknown,17,18,1,15,14,1.0588235294117647,2,2.0,0.05555555555555555,2,2,19,1:cd,3,0.63,middle,3,1.0,False,2,1.25,4,2.5,False,3,False,False,3,3,False,False,False,N/A,0,0.0,0,0,0,0,0,0
sympy__sympy-24562,unsubmitted,unknown,61,90,3,69,21,1.3770491803278688,36,6.25,0.24444444444444444,13,1,93,1:cd,10,0.26,early,17,1.26,True,4,2.0,7,3.5,True,2,False,True,30,10,False,True,False,"('localization',)",5,2.5,8,19,0,0,1,0
sympy__sympy-20428,unsubmitted,unknown,40,59,2,42,13,1.325,14,4.0,0.2542372881355932,7,2,61,0:cd,13,0.45,mixed,13,1.0,False,2,1.17,12,7.0,True,0,False,True,9,7,False,False,False,N/A,2,2.0,1,2,0,0,0,0
pytest-dev__pytest-5840,unresolved,unknown,18,19,2,15,15,1.0555555555555556,2,2.5,0.05263157894736842,3,2,21,1:cd,3,0.8,mixed,3,1.0,False,2,1.33,5,3.5,False,1,False,True,0,0,False,False,False,N/A,0,0.0,0,0,0,0,0,0
pylint-dev__pylint-6903,resolved,unknown,21,35,1,26,14,1.380952380952381,9,4.888888888888889,0.22857142857142856,13,2,36,7:cd,7,0.14,early,3,1.25,True,2,2.0,2,1.5,True,0,False,True,8,4,False,False,False,"('localization', 'validation')",2,2.0,2,4,0,0,0,0
django__django-12406,unresolved,unknown,62,93,6,69,23,1.3870967741935485,34,5.647058823529412,0.25806451612903225,14,2,99,1:cd,17,0.38,early,16,1.12,True,3,1.47,17,8.0,True,2,False,True,5,5,False,False,False,N/A,0,0.0,0,0,0,0,0,0
django__django-12419,resolved,unknown,9,9,3,8,8,1.0,1,2.0,0.0,2,2,12,0:cd,2,0.7,mixed,2,1.0,False,3,2.5,2,1.33,True,0,False,False,1,1,False,False,False,N/A,0,0.0,0,0,0,0,0,0
django__django-11141,unresolved,unknown,12,19,0,13,7,1.5,8,3.5,0.3157894736842105,6,2,19,1:cd,6,0.3,early,4,1.0,False,1,1.0,2,2.0,False,1,False,False,2,2,False,False,False,N/A,0,0.0,0,0,0,0,0,0
psf__requests-1142,unsubmitted,unknown,7,9,0,6,3,1.2857142857142858,3,2.0,0.2222222222222222,2,2,9,1:cd,4,0.5,late,4,1.0,False,1,1.0,1,1.0,False,1,False,False,0,0,False,False,False,N/A,0,0.0,0,0,0,0,0,0
django__django-15161,resolved,unknown,53,65,7,58,30,1.2075471698113207,12,5.583333333333333,0.16923076923076924,22,2,72,0:cd,8,0.48,mixed,21,1.07,True,2,1.39,18,12.5,True,1,False,True,25,11,False,True,False,"('localization',)",4,2.33,6,10,0,0,4,0
scikit-learn__scikit-learn-14983,unresolved,unknown,9,8,1,8,8,0.8888888888888888,0,0.0,0.0,0,0,9,0:cd,1,0.67,middle,1,1.0,False,2,1.33,3,2.0,True,0,False,False,2,2,False,False,False,N/A,0,0.0,0,0,0,0,0,0
django__django-13820,resolved,unknown,14,17,1,12,9,1.2142857142857142,4,4.25,0.17647058823529413,7,2,18,1:cd,4,0.5,mixed,5,1.0,False,2,2.0,1,1.0,False,0,False,False,1,1,False,False,False,N/A,0,0.0,0,0,0,0,0,0
matplotlib__matplotlib-25960,unresolved,unknown,17,16,1,16,16,0.9411764705882353,0,0.0,0.0,0,0,17,0:cd,1,0.76,mixed,1,1.0,False,2,1.17,6,3.5,True,1,False,False,1,1,False,False,False,N/A,0,0.0,0,0,0,0,0,0
django__django-13023,unresolved,unknown,17,17,0,13,15,1.0,1,5.0,0.058823529411764705,5,5,17,1:cd,2,0.67,mixed,3,1.0,False,1,1.0,6,6.0,True,0,False,False,2,2,False,False,False,N/A,0,0.0,0,0,0,0,0,0
matplotlib__matplotlib-14623,unresolved,unknown,15,19,2,14,8,1.2666666666666666,5,2.6,0.21052631578947367,4,2,21,1:cd,6,0.6,mixed,6,1.0,False,2,1.4,4,3.0,False,1,False,False,1,1,False,False,False,N/A,0,0.0,0,0,0,0,0,0
sympy__sympy-20438,unsubmitted,unknown,28,35,2,34,23,1.2142857142857142,7,4.857142857142857,0.22857142857142856,22,1,37,21:python3,6,0.44,early,1,1.0,False,2,1.2,9,5.5,True,1,False,False,8,7,False,False,False,N/A,1,1.0,1,1,0,0,0,0
django__django-15554,unresolved,unknown,17,16,4,16,16,0.9411764705882353,0,0.0,0.0,0,0,20,0:cd,1,0.76,mixed,1,1.0,False,2,1.25,7,4.0,True,1,False,False,3,2,False,False,False,N/A,1,1.0,1,1,0,0,0,0
astropy__astropy-7606,unresolved,unknown,9,12,0,9,7,1.1111111111111112,2,3.5,0.16666666666666666,4,3,12,4:cd,3,0.31,early,2,1.0,False,1,1.0,1,1.0,False,0,False,False,1,1,False,False,False,N/A,0,0.0,0,0,0,0,0,0
django__django-12276,unresolved,unknown,13,13,0,12,12,1.0,1,8.0,0.07692307692307693,8,8,13,0:think,2,0.43,middle,1,1.0,False,1,1.0,3,3.0,False,0,False,False,5,4,True,False,False,N/A,1,1.0,1,0,0,1,0,0
django__django-13809,resolved,unknown,7,6,0,6,6,0.8571428571428571,0,0.0,0.0,0,0,6,0:cd,1,0.57,middle,2,1.0,False,1,1.0,2,2.0,False,1,False,False,2,2,False,False,False,N/A,0,0.0,0,0,0,0,0,0
sympy__sympy-23262,unsubmitted,unknown,32,51,2,36,8,1.40625,14,3.5714285714285716,0.27450980392156865,5,2,53,0:cd,15,0.44,mixed,12,1.1,True,2,1.18,11,6.5,True,2,False,False,8,6,False,False,False,"('localization',)",1,1.0,2,2,0,0,0,0
sympy__sympy-22714,unsubmitted,unknown,73,114,15,100,25,1.36986301369863,32,5.0625,0.23684210526315788,13,1,129,6:cd,14,0.28,mixed,23,1.39,True,4,2.25,15,7.0,True,1,False,True,55,13,False,True,False,"('localization',)",23,5.25,8,36,0,1,5,0
pylint-dev__pylint-4970,unresolved,unknown,9,10,1,8,7,1.1111111111111112,2,2.5,0.1,3,2,11,0:cd,3,0.55,middle,4,1.0,False,2,2.0,1,1.0,False,0,False,False,2,1,False,False,False,N/A,1,1.0,1,0,0,0,1,0
django__django-13012,unresolved,unknown,18,22,0,17,13,1.2222222222222223,5,2.0,0.18181818181818182,2,2,22,0:cd,6,0.7,mixed,6,1.0,False,1,1.0,10,10.0,True,0,False,False,1,1,False,False,False,N/A,0,0.0,0,0,0,0,0,0
django__django-11239,unresolved,unknown,8,10,0,8,4,1.25,3,2.0,0.2,2,2,10,1:cd,3,0.55,late,3,1.2,True,1,1.0,3,3.0,False,1,False,False,1,1,False,False,False,N/A,0,0.0,0,0,0,0,0,0
astropy__astropy-14365,unresolved,unknown,6,5,0,4,5,0.8333333333333334,0,0.0,0.0,0,0,5,0:cd,1,0.33,early,1,1.0,False,1,1.0,1,1.0,False,0,False,False,2,2,False,False,False,N/A,0,0.0,0,0,0,0,0,0
pydata__xarray-6744,unresolved,unknown,13,22,0,16,7,1.3076923076923077,5,3.0,0.22727272727272727,3,3,22,5:cd,6,0.22,early,2,1.0,False,1,1.0,1,1.0,False,0,False,False,6,6,False,False,False,N/A,0,0.0,0,0,0,0,0,0
django__django-11095,resolved,unknown,13,18,2,12,6,1.3846153846153846,6,2.3333333333333335,0.2777777777777778,4,2,20,1:cd,7,0.53,late,7,1.0,False,2,2.0,2,1.5,False,0,False,False,1,1,False,False,False,N/A,0,0.0,0,0,0,0,0,0
sphinx-doc__sphinx-9711,resolved,unknown,7,7,1,6,6,1.0,1,2.0,0.0,2,2,8,0:cd,2,0.5,middle,2,1.0,False,2,2.0,1,1.0,False,0,False,True,2,2,False,False,False,N/A,0,0.0,0,0,0,0,0,0
django__django-17084,unsubmitted,unknown,21,35,0,20,7,1.5238095238095237,12,2.5,0.34285714285714286,5,2,35,1:cd,14,0.33,late,8,1.09,True,1,1.0,3,3.0,False,2,False,False,2,2,True,False,False,N/A,0,0.0,0,0,0,0,0,0
django__django-15561,resolved,unknown,26,30,0,23,22,1.1538461538461537,5,8.4,0.16666666666666666,19,2,30,1:cd,5,0.48,early,1,1.0,False,1,1.0,3,3.0,False,2,False,False,2,1,False,False,False,N/A,1,1.0,1,1,0,0,0,0
django__django-13406,unresolved,unknown,50,79,3,61,16,1.36,20,4.55,0.24050632911392406,11,2,82,22:cd,12,0.28,early,9,1.05,True,2,1.07,14,7.5,True,3,False,False,11,8,False,False,False,"('localization',)",1,1.0,3,3,0,0,0,0
sphinx-doc__sphinx-7462,unresolved,unknown,50,76,4,62,22,1.38,21,4.285714285714286,0.25,12,1,80,13:cd,9,0.21,mixed,12,1.14,True,3,2.2,4,3.0,True,0,False,True,19,8,False,True,False,"('localization',)",5,2.75,4,11,0,0,0,0
django__django-13837,unresolved,unknown,16,19,1,15,12,1.1875,4,3.5,0.15789473684210525,5,2,20,1:cd,4,0.5,middle,5,1.0,False,2,1.25,4,2.5,True,0,False,False,4,3,False,False,False,"('localization',)",1,1.0,1,1,0,0,0,0
django__django-16429,resolved,unknown,4,3,0,3,3,0.75,0,0.0,0.0,0,0,3,0:cd,1,0.5,middle,1,1.0,False,1,1.0,1,1.0,False,0,False,False,1,1,False,False,False,N/A,0,0.0,0,0,0,0,0,0
django__django-15280,unresolved,unknown,55,87,4,66,19,1.4,34,5.764705882352941,0.3103448275862069,13,1,91,1:cd,16,0.35,early,14,1.15,True,3,1.2,18,7.33,True,4,False,False,19,5,False,True,False,"('localization',)",7,2.8,5,14,0,0,0,0
django__django-13315,unresolved,unknown,17,21,0,13,11,1.2352941176470589,5,4.0,0.19047619047619047,10,2,21,0:cd,6,0.41,early,2,1.0,False,1,1.0,3,3.0,False,0,False,False,1,1,False,False,False,N/A,0,0.0,0,0,0,0,0,0
pytest-dev__pytest-7571,unresolved,unknown,39,111,2,99,16,1.7435897435897436,70,4.214285714285714,0.44144144144144143,7,1,113,38:str_replace_editor: str_replace,25,0.89,mixed,12,2.63,True,3,3.0,16,6.67,True,0,False,True,0,0,False,False,False,N/A,0,0.0,0,0,0,0,0,0
django__django-15375,unresolved,unknown,54,85,5,59,12,1.5,29,3.2758620689655173,0.3176470588235294,7,1,90,0:cd,27,0.29,early,13,1.0,False,3,1.33,10,4.33,True,5,False,True,2,1,False,True,False,N/A,1,1.0,1,1,0,0,0,0
django__django-15629,unresolved,unknown,38,51,1,33,21,1.2894736842105263,12,4.0,0.21568627450980393,17,2,52,0:cd,12,0.44,middle,6,1.1,True,2,1.09,11,6.0,True,0,False,False,2,2,False,False,False,N/A,0,0.0,0,0,0,0,0,0
matplotlib__matplotlib-25775,unsubmitted,unknown,10,15,0,8,3,1.5,6,2.1666666666666665,0.3333333333333333,3,2,15,1:cd,7,0.44,mixed,7,1.0,False,0,0.0,0,0.0,False,0,False,False,0,0,False,False,False,N/A,0,0.0,0,0,0,0,0,0
sympy__sympy-13877,unresolved,unknown,67,111,9,100,30,1.4029850746268657,42,4.880952380952381,0.25225225225225223,19,1,120,20:cd,11,0.34,early,19,1.41,True,4,1.64,12,7.25,True,0,False,True,48,10,False,True,False,"('localization',)",21,4.75,8,36,0,0,2,0
django__django-11848,unresolved,unknown,12,13,0,11,9,1.0833333333333333,2,5.5,0.15384615384615385,7,4,13,1:cd,3,0.57,middle,2,1.0,False,1,1.0,6,6.0,False,1,False,False,1,1,False,False,False,N/A,0,0.0,0,0,0,0,0,0
psf__requests-1724,unresolved,unknown,7,6,0,6,6,0.8571428571428571,0,0.0,0.0,0,0,6,0:cd,1,0.71,mixed,1,1.0,False,1,1.0,4,4.0,False,2,False,False,1,1,False,False,False,N/A,0,0.0,0,0,0,0,0,0
django__django-14404,unresolved,unknown,9,9,1,9,8,1.0,1,8.0,0.1111111111111111,8,8,10,0:think,2,0.6,middle,1,1.0,False,2,1.5,2,1.5,True,0,False,False,1,1,False,False,False,N/A,0,0.0,0,0,0,0,0,0
astropy__astropy-13033,unresolved,unknown,65,80,16,80,39,1.2307692307692308,18,5.333333333333333,0.2,23,2,96,17:python3,12,0.28,early,11,1.0,False,4,1.9,7,4.5,True,2,False,True,24,12,False,True,False,"('localization',)",6,3.0,4,12,0,0,0,0
sphinx-doc__sphinx-7757,unresolved,unknown,67,114,7,96,20,1.492537313432836,61,6.901639344262295,0.2807017543859649,15,1,121,0:cd,19,0.18,late,19,1.91,True,6,5.44,7,3.0,True,0,False,True,48,10,False,True,False,"('localization',)",19,4.75,8,35,0,0,3,0
django__django-15127,unresolved,unknown,7,6,0,6,6,0.8571428571428571,0,0.0,0.0,0,0,6,0:cd,1,0.71,mixed,1,1.0,False,1,1.0,2,2.0,False,1,False,False,1,1,False,False,False,N/A,0,0.0,0,0,0,0,0,0
django__django-11211,resolved,unknown,48,92,1,62,13,1.5208333333333333,31,4.096774193548387,0.33695652173913043,9,1,93,1:cd,28,0.11,early,7,1.25,True,2,2.0,2,1.5,False,0,False,True,4,3,False,False,False,"('localization',)",1,1.0,1,1,0,0,0,0
pydata__xarray-4966,resolved,unknown,15,22,1,15,6,1.4666666666666666,8,3.0,0.36363636363636365,5,2,23,1:cd,8,0.13,early,2,1.0,False,2,2.0,1,1.0,True,0,False,True,2,2,False,False,False,N/A,0,0.0,0,0,0,0,0,0
pylint-dev__pylint-4551,unresolved,unknown,26,25,4,24,25,0.9615384615384616,0,0.0,0.0,0,0,29,0:think,1,0.77,mixed,4,1.0,False,3,1.22,9,4.0,True,1,False,False,3,2,False,False,False,"('localization',)",1,1.0,1,1,0,0,0,0
django__django-10097,unresolved,unknown,11,15,0,10,6,1.3636363636363635,5,3.4,0.26666666666666666,5,2,15,1:cd,5,0.25,early,2,1.0,False,1,1.0,1,1.0,False,0,False,False,2,2,False,False,False,N/A,0,0.0,0,0,0,0,0,0
matplotlib__matplotlib-24870,unresolved,unknown,24,24,2,22,21,1.0,1,3.0,0.041666666666666664,3,3,26,19:python,2,0.68,mixed,3,1.0,False,2,1.29,7,4.5,True,1,False,False,2,2,False,False,False,N/A,0,0.0,0,0,0,0,0,0
sympy__sympy-13974,unresolved,unknown,79,99,25,100,44,1.240506329113924,30,9.5,0.1919191919191919,17,1,124,9:python3,7,0.28,mixed,21,1.17,True,4,2.69,11,6.0,True,0,False,True,33,8,False,True,False,"('localization',)",16,4.17,6,23,0,0,2,0
django__django-16100,resolved,unknown,9,8,0,8,8,0.8888888888888888,0,0.0,0.0,0,0,8,0:cd,1,0.78,mixed,2,1.0,False,1,1.0,5,5.0,True,0,False,False,1,1,False,False,False,N/A,0,0.0,0,0,0,0,0,0
django__django-14534,unresolved,unknown,8,9,2,7,6,1.125,2,4.0,0.1111111111111111,6,2,11,0:cd,3,0.5,middle,2,1.0,False,2,2.0,2,1.5,False,0,False,True,1,1,False,False,False,N/A,0,0.0,0,0,0,0,0,0
pallets__flask-5014,resolved,unknown,7,6,0,6,6,0.8571428571428571,0,0.0,0.0,0,0,6,0:cd,1,0.71,mixed,1,1.0,False,1,1.0,4,4.0,True,0,False,False,1,1,False,False,False,N/A,0,0.0,0,0,0,0,0,0
django__django-11603,resolved,unknown,7,7,0,6,5,1.0,1,2.0,0.0,2,2,7,1:cd,2,0.38,middle,2,1.0,False,1,1.0,1,1.0,False,0,False,False,2,2,False,False,False,N/A,0,0.0,0,0,0,0,0,0
matplotlib__matplotlib-25122,resolved,unknown,46,73,5,60,17,1.3043478260869565,15,4.466666666666667,0.2054794520547945,10,3,78,5:cd,14,0.05,early,2,1.0,False,3,3.0,1,1.0,True,0,False,True,3,3,False,False,False,N/A,0,0.0,0,0,0,0,0,0
django__django-14765,resolved,unknown,5,4,0,4,4,0.8,0,0.0,0.0,0,0,4,0:cd,1,0.6,middle,1,1.0,False,1,1.0,2,2.0,False,0,False,False,1,1,False,False,False,N/A,0,0.0,0,0,0,0,0,0
matplotlib__matplotlib-24026,resolved,unknown,24,33,4,26,16,1.1666666666666667,5,4.6,0.15151515151515152,8,3,37,9:cd,6,0.26,early,2,1.0,False,3,2.0,3,2.0,True,1,False,True,7,6,False,False,False,"('localization',)",1,1.0,1,1,0,0,0,0
django__django-16642,unresolved,unknown,8,7,2,7,7,0.875,0,0.0,0.0,0,0,9,0:cd,1,0.75,middle,1,1.0,False,2,2.0,2,1.5,True,0,False,False,1,1,False,False,False,N/A,0,0.0,0,0,0,0,0,0
pytest-dev__pytest-8399,unresolved,unknown,72,128,5,97,14,1.5972222222222223,64,4.84375,0.3125,11,1,133,1:cd,31,0.74,mixed,32,1.4,True,4,1.67,13,6.0,True,1,False,True,0,0,False,False,False,N/A,0,0.0,0,0,0,0,0,0
django__django-14792,unresolved,unknown,11,10,0,9,10,0.9090909090909091,0,0.0,0.0,0,0,10,0:cd,1,0.82,mixed,1,1.0,False,1,1.0,4,4.0,False,2,False,False,1,1,False,False,False,N/A,0,0.0,0,0,0,0,0,0
sympy__sympy-18763,unresolved,unknown,71,123,4,99,17,1.4647887323943662,49,5.795918367346939,0.2682926829268293,10,1,127,8:cd,20,0.23,mixed,24,1.56,True,2,1.62,15,11.5,True,0,False,True,46,19,False,True,False,"('localization',)",7,2.45,11,27,0,0,0,0
django__django-13513,unsubmitted,unknown,8,9,0,7,5,1.125,2,3.5,0.2222222222222222,5,2,9,1:cd,3,0.5,middle,2,1.0,False,1,1.0,2,2.0,False,2,False,False,0,0,False,False,False,N/A,0,0.0,0,0,0,0,0,0
django__django-12325,unresolved,unknown,22,34,0,25,14,1.2727272727272727,12,6.0,0.29411764705882354,9,3,34,1:cd,6,0.23,early,3,1.14,True,1,1.0,3,3.0,True,0,False,False,4,3,False,False,False,N/A,1,1.0,1,1,0,0,0,0
django__django-11138,unresolved,unknown,47,70,3,52,20,1.3829787234042554,19,3.6315789473684212,0.2857142857142857,7,2,73,1:cd,13,0.23,early,12,1.0,False,2,1.4,4,3.0,True,2,False,True,5,3,False,False,False,"('localization', 'general', 'localization')",1,1.0,2,2,0,0,0,0
pydata__xarray-2905,resolved,unknown,22,23,3,21,19,1.0454545454545454,2,8.5,0.08695652173913043,15,2,26,5:cd,2,0.75,mixed,3,1.06,True,3,1.38,7,3.33,True,2,False,True,1,1,False,False,False,N/A,0,0.0,0,0,0,0,0,0
django__django-16255,resolved,unknown,11,14,0,10,9,1.2727272727272727,4,3.75,0.2857142857142857,8,2,14,0:cd,4,0.33,early,1,1.0,False,0,0.0,0,0.0,False,0,False,False,2,2,False,False,False,N/A,0,0.0,0,0,0,0,0,0
matplotlib__matplotlib-25311,unresolved,unknown,30,37,10,25,13,1.2333333333333334,8,3.75,0.1891891891891892,8,2,47,1:cd,9,0.63,mixed,9,1.0,False,3,2.0,9,4.0,True,0,False,False,1,1,False,False,False,N/A,0,0.0,0,0,0,0,0,0
django__django-11964,resolved,unknown,12,19,1,13,6,1.4166666666666667,6,2.6666666666666665,0.3157894736842105,4,2,20,0:cd,7,0.35,early,4,1.17,True,1,1.0,1,1.0,False,1,False,False,1,1,False,False,False,N/A,0,0.0,0,0,0,0,0,0
sympy__sympy-21930,unsubmitted,unknown,69,85,11,83,34,1.2318840579710144,21,4.142857142857143,0.2,13,2,96,23:python3,14,0.42,early,12,1.09,True,3,1.71,9,6.33,True,0,False,True,24,16,False,False,False,"('localization',)",2,1.14,7,8,0,0,0,0
django__django-15268,unsubmitted,unknown,12,11,4,11,11,0.9166666666666666,0,0.0,0.0,0,0,15,0:cd,1,0.83,mixed,1,1.0,False,3,2.33,3,1.67,True,0,False,False,1,1,False,False,False,N/A,0,0.0,0,0,0,0,0,0
django__django-11532,resolved,unknown,77,117,12,99,25,1.3246753246753247,50,6.8,0.23076923076923078,14,1,129,8:cd,14,0.17,mixed,15,1.43,True,3,2.33,7,5.67,True,0,False,True,35,19,False,True,False,"('localization',)",4,1.6,10,16,0,0,0,0
sympy__sympy-17655,unresolved,unknown,70,125,12,93,26,1.5571428571428572,67,5.686567164179104,0.312,15,1,137,9:cd,12,0.25,mixed,25,1.52,True,4,2.73,11,6.5,True,1,False,True,45,13,True,True,False,"('localization',)",11,3.2,10,29,0,0,3,0
pytest-dev__pytest-10356,unresolved,unknown,14,14,2,13,12,1.0,1,5.0,0.07142857142857142,5,5,16,1:cd,2,0.8,mixed,2,1.0,False,2,2.0,2,2.0,False,0,False,False,0,0,False,False,False,N/A,0,0.0,0,0,0,0,0,0
sympy__sympy-13031,unresolved,unknown,14,14,0,13,13,1.0,1,10.0,0.07142857142857142,10,10,14,0:think,2,0.53,middle,1,1.0,False,1,1.0,4,4.0,False,0,False,False,1,1,False,False,False,N/A,0,0.0,0,0,0,0,0,0
pydata__xarray-3993,unresolved,unknown,17,21,2,16,10,1.2352941176470589,5,3.8,0.19047619047619047,8,2,23,1:cd,6,0.55,mixed,6,1.0,False,2,1.4,5,3.5,True,1,False,True,2,2,False,False,False,N/A,0,0.0,0,0,0,0,0,0
sphinx-doc__sphinx-10614,unresolved,unknown,7,7,1,6,6,1.0,1,3.0,0.14285714285714285,3,3,8,0:cd,2,0.5,middle,2,1.0,False,2,2.0,1,1.0,False,0,False,False,2,2,False,False,False,N/A,0,0.0,0,0,0,0,0,0
sympy__sympy-13615,unresolved,unknown,13,12,0,12,12,0.9230769230769231,0,0.0,0.0,0,0,12,0:find,1,0.77,mixed,1,1.0,False,1,1.0,7,7.0,True,1,False,False,1,1,False,False,False,N/A,0,0.0,0,0,0,0,0,0
sympy__sympy-24661,unsubmitted,unknown,78,114,24,98,34,1.3461538461538463,37,4.54054054054054,0.2894736842105263,17,1,138,0:cd,15,0.37,early,32,1.34,True,3,3.0,13,6.75,True,0,False,True,56,17,True,True,False,"('localization',)",15,3.55,11,29,0,0,10,0
sphinx-doc__sphinx-9320,resolved,unknown,13,17,0,14,9,1.2307692307692308,4,4.25,0.23529411764705882,8,3,17,1:cd,4,0.39,middle,4,1.0,False,1,1.0,4,4.0,True,1,False,False,3,2,False,False,False,"('localization',)",1,1.0,1,1,0,0,0,0
django__django-15525,resolved,unknown,53,82,1,67,19,1.3773584905660377,30,5.133333333333334,0.24390243902439024,9,2,83,0:cd,9,0.05,early,2,1.0,False,2,2.0,1,1.0,False,0,False,True,1,1,False,False,False,N/A,0,0.0,0,0,0,0,0,0
django__django-14999,unresolved,unknown,12,13,1,12,11,1.0833333333333333,2,4.5,0.07692307692307693,7,2,14,0:think,2,0.5,middle,3,1.0,False,2,1.25,4,2.5,True,0,False,False,3,2,False,False,False,N/A,1,1.0,1,1,0,0,0,0
matplotlib__matplotlib-24637,resolved,unknown,38,65,0,40,12,1.4473684210526316,20,3.9,0.24615384615384617,9,2,65,1:cd,11,0.45,mixed,21,1.15,True,1,1.0,9,9.0,True,3,False,False,3,3,False,False,False,N/A,0,0.0,0,0,0,0,0,0
django__django-14752,resolved,unknown,3,2,0,3,2,0.6666666666666666,0,0.0,0.0,0,0,2,0:find,1,0.67,early,1,1.0,False,1,1.0,1,1.0,False,0,False,False,1,1,False,False,False,N/A,0,0.0,0,0,0,0,0,0
django__django-13410,resolved,unknown,8,8,1,7,7,1.0,1,7.0,0.125,7,7,9,0:think,2,0.56,middle,1,1.0,False,2,2.0,1,1.0,False,0,False,True,1,1,False,False,False,N/A,0,0.0,0,0,0,0,0,0
pytest-dev__pytest-6197,unresolved,unknown,71,114,8,79,17,1.3661971830985915,33,4.151515151515151,0.2719298245614035,10,2,122,1:cd,32,0.13,mixed,15,1.0,False,0,0.0,0,0.0,False,3,False,False,1,1,False,False,False,N/A,0,0.0,0,0,0,0,0,0
pylint-dev__pylint-6386,unresolved,unknown,12,12,5,11,10,1.0,1,2.0,0.0,2,2,17,1:cd,2,0.69,mixed,2,1.0,False,2,1.5,6,3.5,True,0,False,False,1,1,False,False,False,N/A,0,0.0,0,0,0,0,0,0
matplotlib__matplotlib-22871,unresolved,unknown,21,20,3,19,20,0.9523809523809523,0,0.0,0.0,0,0,23,0:think,1,0.76,mixed,2,1.0,False,2,1.3,8,5.5,True,1,False,True,2,2,False,False,False,N/A,0,0.0,0,0,0,0,0,0
sphinx-doc__sphinx-8269,resolved,unknown,7,7,1,7,6,1.0,1,4.0,0.14285714285714285,4,4,8,0:think,2,0.38,middle,2,1.0,False,2,2.0,1,1.0,False,0,False,False,2,2,False,False,False,N/A,0,0.0,0,0,0,0,0,0
django__django-12304,unresolved,unknown,5,4,0,4,4,0.8,0,0.0,0.0,0,0,4,0:think,1,0.4,middle,1,1.0,False,1,1.0,1,1.0,False,0,False,False,1,1,False,False,False,N/A,0,0.0,0,0,0,0,0,0
sympy__sympy-23824,unsubmitted,unknown,7,6,2,7,6,0.8571428571428571,0,0.0,0.0,0,0,8,0:find,1,0.86,mixed,1,1.0,False,3,3.0,1,1.0,True,0,False,False,1,1,False,False,False,N/A,0,0.0,0,0,0,0,0,0
matplotlib__matplotlib-13989,resolved,unknown,19,27,0,20,6,1.3157894736842106,7,3.7142857142857144,0.25925925925925924,4,3,27,0:cd,8,0.46,mixed,6,1.0,False,1,1.0,9,9.0,True,2,False,False,3,3,False,False,False,N/A,0,0.0,0,0,0,0,0,0
sphinx-doc__sphinx-10466,resolved,unknown,4,3,0,3,3,0.75,0,0.0,0.0,0,0,3,0:cd,1,0.5,middle,1,1.0,False,1,1.0,1,1.0,False,0,False,False,1,1,False,False,False,N/A,0,0.0,0,0,0,0,0,0
scikit-learn__scikit-learn-15100,resolved,unknown,9,8,0,9,8,0.8888888888888888,0,0.0,0.0,0,0,8,0:find,1,0.89,mixed,1,1.0,False,1,1.0,5,5.0,True,0,False,False,1,1,False,False,False,N/A,0,0.0,0,0,0,0,0,0
django__django-13449,unresolved,unknown,26,32,5,25,11,1.2307692307692308,7,4.0,0.1875,8,2,37,0:cd,8,0.7,mixed,8,1.0,False,3,1.62,6,3.67,True,3,False,True,2,2,False,False,False,N/A,0,0.0,0,0,0,0,0,0
django__django-14373,resolved,unknown,5,4,0,4,4,0.8,0,0.0,0.0,0,0,4,0:cd,1,0.6,middle,1,1.0,False,1,1.0,1,1.0,False,0,False,False,1,1,False,False,False,N/A,0,0.0,0,0,0,0,0,0
django__django-13821,resolved,unknown,14,16,0,12,11,1.1428571428571428,3,5.333333333333333,0.1875,9,3,16,1:cd,3,0.47,late,3,1.0,False,1,1.0,4,4.0,True,0,False,False,1,1,False,False,False,N/A,0,0.0,0,0,0,0,0,0
django__django-13810,resolved,unknown,11,15,1,10,8,1.3636363636363635,5,2.2,0.26666666666666666,3,2,16,0:cd,5,0.5,mixed,6,1.14,True,2,2.0,1,1.0,True,0,False,True,1,1,False,False,False,N/A,0,0.0,0,0,0,0,0,0
pytest-dev__pytest-5809,resolved,unknown,16,23,0,13,9,1.4375,8,3.25,0.30434782608695654,6,2,23,1:cd,8,0.17,middle,4,1.0,False,0,0.0,0,0.0,False,0,False,False,3,3,True,False,False,N/A,0,0.0,0,0,0,0,0,0
pydata__xarray-4695,unresolved,unknown,67,109,9,100,29,1.4328358208955223,89,6.640449438202247,0.26605504587155965,14,1,118,51:str_replace_editor: view,7,0.29,mixed,27,1.78,True,6,3.38,9,4.67,True,0,False,True,53,6,True,True,False,"('localization',)",32,9.4,5,41,0,0,6,0
django__django-14053,resolved,unknown,9,12,0,8,5,1.3333333333333333,4,2.5,0.25,4,2,12,0:cd,5,0.54,mixed,5,1.0,False,1,1.0,1,1.0,False,0,False,False,1,1,False,False,False,N/A,0,0.0,0,0,0,0,0,0
mwaskom__seaborn-3069,unresolved,unknown,30,29,4,28,29,0.9666666666666667,0,0.0,0.0,0,0,33,0:ls,1,0.77,mixed,3,1.0,False,2,1.5,7,5.5,True,1,False,False,6,4,False,False,False,N/A,1,1.0,2,2,0,0,0,0
pytest-dev__pytest-7982,resolved,unknown,14,19,3,13,6,1.3571428571428572,6,3.0,0.3157894736842105,4,2,22,0:cd,7,0.6,mixed,6,1.0,False,2,1.75,3,2.5,False,1,False,False,0,0,False,False,False,N/A,0,0.0,0,0,0,0,0,0
pylint-dev__pylint-7277,unresolved,unknown,20,37,1,27,10,1.4,9,3.2222222222222223,0.24324324324324326,4,3,38,7:set_env,10,0.11,early,2,1.0,False,2,2.0,1,1.0,False,0,False,True,8,6,False,False,False,N/A,1,1.0,2,2,0,0,0,0
pydata__xarray-6461,resolved,unknown,16,15,3,13,15,0.9375,0,0.0,0.0,0,0,18,0:cd,1,0.69,mixed,2,1.0,False,3,2.0,2,1.67,True,0,False,True,1,1,False,False,False,N/A,0,0.0,0,0,0,0,0,0
django__django-11149,unresolved,unknown,18,23,0,17,9,1.2777777777777777,6,2.6666666666666665,0.21739130434782608,4,2,23,1:cd,7,0.54,mixed,7,1.0,False,1,1.0,6,6.0,True,1,False,False,3,3,False,False,False,N/A,0,0.0,0,0,0,0,0,0
sphinx-doc__sphinx-8551,unresolved,unknown,18,23,1,17,10,1.2777777777777777,6,2.5,0.21739130434782608,4,2,24,1:cd,7,0.58,mixed,6,1.0,False,2,1.14,7,4.0,True,1,False,False,1,1,False,False,False,N/A,0,0.0,0,0,0,0,0,0
django__django-13401,unresolved,unknown,9,14,1,10,6,1.4444444444444444,5,3.0,0.2857142857142857,5,2,15,1:cd,5,0.33,middle,4,1.0,False,2,2.0,1,1.0,True,0,False,False,1,1,False,False,False,N/A,0,0.0,0,0,0,0,0,0
sympy__sympy-15349,unresolved,unknown,37,97,1,73,14,1.6486486486486487,26,3.6923076923076925,0.27835051546391754,7,1,98,8:cd,24,0.07,early,2,1.0,False,2,1.33,3,2.0,True,1,False,True,37,30,True,True,False,N/A,2,1.4,5,7,0,0,0,0
django__django-11490,unresolved,unknown,13,24,0,17,7,1.4615384615384615,7,2.5714285714285716,0.25,3,2,24,5:cd,8,0.48,early,5,1.33,True,1,1.0,2,2.0,False,1,False,False,1,1,False,False,False,N/A,0,0.0,0,0,0,0,0,0
pytest-dev__pytest-7490,unresolved,unknown,12,11,1,11,11,0.9166666666666666,0,0.0,0.0,0,0,12,0:think,1,0.83,mixed,1,1.0,False,2,1.17,6,3.5,True,2,False,False,0,0,False,False,False,N/A,0,0.0,0,0,0,0,0,0
matplotlib__matplotlib-20826,unresolved,unknown,17,20,0,16,11,1.1764705882352942,4,2.75,0.15,4,2,20,1:cd,5,0.48,middle,5,1.0,False,1,1.0,5,5.0,True,0,False,False,5,4,False,False,False,N/A,1,1.0,1,1,0,0,0,0
matplotlib__matplotlib-26208,unresolved,unknown,63,91,4,71,15,1.4444444444444444,31,3.5483870967741935,0.3076923076923077,9,2,95,1:cd,19,0.48,mixed,25,1.07,True,3,1.16,20,8.33,True,3,False,True,14,8,False,False,False,"('localization',)",2,1.2,5,6,0,0,0,0
django__django-13658,resolved,unknown,6,5,1,5,5,0.8333333333333334,0,0.0,0.0,0,0,6,0:cd,1,0.67,middle,1,1.0,False,2,2.0,1,1.0,False,0,False,False,1,1,False,False,False,N/A,0,0.0,0,0,0,0,0,0
matplotlib__matplotlib-23476,unresolved,unknown,16,17,1,14,10,1.0625,2,5.0,0.11764705882352941,5,5,18,1:cd,3,0.56,mixed,3,1.0,False,2,1.17,6,3.5,True,2,False,True,1,1,False,False,False,N/A,0,0.0,0,0,0,0,0,0
django__django-15022,resolved,unknown,8,10,0,7,5,1.25,3,3.0,0.2,4,2,10,0:cd,4,0.45,middle,3,1.0,False,1,1.0,2,2.0,False,1,False,False,1,1,False,False,False,N/A,0,0.0,0,0,0,0,0,0
scikit-learn__scikit-learn-11310,resolved,unknown,13,13,1,11,11,1.0,1,3.0,0.0,3,3,14,1:cd,2,0.64,mixed,2,1.0,False,2,1.2,5,3.0,True,0,False,False,2,2,False,False,False,N/A,0,0.0,0,0,0,0,0,0
django__django-14017,resolved,unknown,42,69,1,47,18,1.4047619047619047,28,4.607142857142857,0.2608695652173913,11,2,70,18:cd,11,0.24,early,9,1.0,False,2,1.17,6,3.5,True,0,False,False,3,2,False,True,False,N/A,1,1.0,1,1,0,0,0,0
sympy__sympy-14711,resolved,unknown,20,26,3,25,12,1.3,7,2.2857142857142856,0.2692307692307692,3,2,29,10:python3,8,0.33,early,1,1.0,False,2,2.0,2,2.0,True,0,False,True,7,6,False,False,False,N/A,1,1.0,1,1,0,0,0,0
django__django-12193,resolved,unknown,12,16,0,11,8,1.3333333333333333,5,3.2,0.3125,7,2,16,1:cd,5,0.35,early,2,1.0,False,1,1.0,2,2.0,False,1,False,False,1,1,False,False,False,N/A,0,0.0,0,0,0,0,0,0
scikit-learn__scikit-learn-13328,unresolved,unknown,68,102,12,99,28,1.4411764705882353,100,11.21,0.29411764705882354,21,1,114,12:python,14,0.33,mixed,28,1.89,True,5,3.3,10,6.2,True,0,False,True,49,14,True,True,False,"('localization',)",11,3.5,10,30,0,0,5,0
django__django-13516,resolved,unknown,27,33,0,27,15,1.2222222222222223,7,4.428571428571429,0.21212121212121213,9,2,33,1:cd,7,0.35,early,6,1.0,False,1,1.0,5,5.0,True,6,False,False,1,1,False,False,False,N/A,0,0.0,0,0,0,0,0,0
django__django-9296,resolved,unknown,5,5,0,4,4,1.0,1,2.0,0.0,2,2,5,0:cd,2,0.5,mixed,2,1.0,False,1,1.0,1,1.0,False,0,False,False,1,1,False,False,False,N/A,0,0.0,0,0,0,0,0,0
astropy__astropy-14309,resolved,unknown,16,16,1,16,13,1.0,1,5.0,0.0625,5,5,17,9:str_replace_editor: view,2,0.53,middle,2,1.12,True,2,1.25,4,2.5,True,2,False,False,1,1,False,False,False,N/A,0,0.0,0,0,0,0,0,0
matplotlib__matplotlib-21568,unresolved,unknown,41,44,1,38,36,1.0731707317073171,4,4.75,0.06818181818181818,9,1,45,28:python3,3,0.6,mixed,7,1.08,True,2,1.33,3,2.0,True,1,False,True,2,2,False,False,False,N/A,0,0.0,0,0,0,0,0,0
sphinx-doc__sphinx-9658,unresolved,unknown,31,39,2,30,12,1.2580645161290323,9,3.5555555555555554,0.20512820512820512,6,2,41,0:cd,10,0.65,mixed,10,1.0,False,3,1.14,14,5.33,True,1,False,False,4,2,False,False,False,N/A,1,1.0,2,2,0,0,0,0
django__django-7530,resolved,unknown,13,18,0,13,10,1.3076923076923077,5,4.8,0.2777777777777778,9,2,18,1:cd,5,0.32,early,1,1.0,False,0,0.0,0,0.0,False,0,False,False,1,1,False,False,False,N/A,0,0.0,0,0,0,0,0,0
matplotlib__matplotlib-26291,resolved,unknown,9,8,0,7,8,0.8888888888888888,0,0.0,0.0,0,0,8,0:cd,1,0.44,early,1,1.0,False,1,1.0,3,3.0,False,2,False,False,1,1,False,False,False,N/A,0,0.0,0,0,0,0,0,0
scikit-learn__scikit-learn-10297,resolved,unknown,10,9,3,9,9,0.9,0,0.0,0.0,0,0,12,0:cd,1,0.8,mixed,1,1.0,False,3,2.5,2,1.33,True,0,False,False,1,1,False,False,False,N/A,0,0.0,0,0,0,0,0,0
django__django-16595,resolved,unknown,11,11,0,10,10,1.0,1,2.0,0.0,2,2,11,0:cd,2,0.75,mixed,2,1.0,False,1,1.0,7,7.0,True,0,False,False,1,1,False,False,False,N/A,0,0.0,0,0,0,0,0,0
django__django-12663,unresolved,unknown,65,108,7,80,18,1.4923076923076923,47,3.893617021276596,0.2962962962962963,9,1,115,1:cd,27,0.27,early,12,1.0,False,2,1.17,16,9.0,True,2,False,False,10,6,False,False,False,"('localization',)",2,1.33,3,4,0,0,0,0
astropy__astropy-14508,unresolved,unknown,20,25,0,25,11,1.25,6,3.1666666666666665,0.24,7,2,25,5:python,7,0.38,early,2,1.0,False,1,1.0,5,5.0,True,0,False,False,7,6,False,False,False,N/A,1,1.0,1,1,0,0,0,0
django__django-11276,resolved,unknown,11,12,2,9,8,1.0909090909090908,2,4.0,0.08333333333333333,5,3,14,0:cd,3,0.69,mixed,3,1.0,False,2,1.67,3,2.5,True,0,False,True,1,1,False,False,False,N/A,0,0.0,0,0,0,0,0,0
sphinx-doc__sphinx-10435,unresolved,unknown,15,20,0,14,8,1.3333333333333333,6,2.5,0.25,4,2,20,0:cd,7,0.57,mixed,7,1.0,False,1,1.0,5,5.0,True,1,False,False,2,2,False,False,False,N/A,0,0.0,0,0,0,0,0,0
django__django-14539,unresolved,unknown,56,110,4,99,29,1.5535714285714286,154,10.012987012987013,0.2818181818181818,19,1,114,14:cd,9,0.23,mixed,21,2.78,True,5,3.67,9,4.6,True,0,False,True,52,8,False,True,False,"('localization',)",24,7.33,6,41,0,0,3,0
sympy__sympy-22080,unresolved,unknown,34,54,3,27,24,1.2647058823529411,10,4.6,0.16666666666666666,12,2,57,1:cd,7,0.25,early,7,1.08,True,2,1.5,4,3.5,True,2,False,False,1,1,False,False,False,N/A,0,0.0,0,0,0,0,0,0
django__django-13343,resolved,unknown,11,11,2,9,9,1.0,1,2.0,0.0,2,2,13,1:cd,2,0.58,middle,2,1.0,False,2,2.0,2,1.5,False,0,False,False,2,2,False,False,False,N/A,0,0.0,0,0,0,0,0,0
sympy__sympy-21596,unsubmitted,unknown,39,65,2,43,8,1.5384615384615385,22,2.9545454545454546,0.3230769230769231,6,1,67,1:cd,21,0.35,early,14,1.05,True,2,1.25,7,4.5,True,0,False,True,10,8,False,False,False,N/A,1,1.0,2,2,0,0,0,0
django__django-14771,resolved,unknown,12,13,2,11,8,1.0833333333333333,2,3.5,0.15384615384615385,4,3,15,1:cd,3,0.64,mixed,4,1.0,False,3,1.67,3,1.67,True,2,False,False,1,1,False,False,False,N/A,0,0.0,0,0,0,0,0,0
sphinx-doc__sphinx-8638,unresolved,unknown,21,24,0,18,16,1.0952380952380953,3,6.333333333333333,0.125,13,3,24,1:cd,3,0.52,mixed,3,1.08,True,1,1.0,8,8.0,True,2,False,False,2,2,False,False,False,N/A,0,0.0,0,0,0,0,0,0
sympy__sympy-22456,unsubmitted,unknown,7,6,2,6,6,0.8571428571428571,0,0.0,0.0,0,0,8,0:cd,1,0.71,mixed,2,1.0,False,2,2.0,2,1.5,False,0,False,False,1,1,False,False,False,N/A,0,0.0,0,0,0,0,0,0
matplotlib__matplotlib-24177,unresolved,unknown,21,25,4,22,18,1.1904761904761905,5,4.6,0.16,13,2,29,1:cd,4,0.58,middle,4,1.0,False,2,1.4,7,5.5,True,0,False,True,1,1,False,False,False,N/A,0,0.0,0,0,0,0,0,0
django__django-14351,unresolved,unknown,27,39,2,27,8,1.4074074074074074,12,2.9166666666666665,0.3333333333333333,5,2,41,0:cd,13,0.65,mixed,13,1.04,True,2,1.18,11,6.5,True,4,False,True,1,1,False,False,False,N/A,0,0.0,0,0,0,0,0,0
django__django-15741,resolved,unknown,8,9,0,7,5,1.125,2,3.5,0.2222222222222222,5,2,9,1:cd,3,0.5,mixed,3,1.0,False,1,1.0,1,1.0,False,0,False,False,1,1,False,False,False,N/A,0,0.0,0,0,0,0,0,0
pytest-dev__pytest-7205,resolved,unknown,6,5,0,5,5,0.8333333333333334,0,0.0,0.0,0,0,5,0:cd,1,0.83,mixed,1,1.0,False,1,1.0,2,2.0,False,0,False,False,0,0,False,False,False,N/A,0,0.0,0,0,0,0,0,0
django__django-13128,unresolved,unknown,26,34,5,25,20,1.1923076923076923,7,5.428571428571429,0.17647058823529413,12,2,39,0:cd,6,0.23,early,1,1.0,False,2,2.0,5,3.0,False,0,False,False,3,3,False,False,False,N/A,0,0.0,0,0,0,0,0,0
matplotlib__matplotlib-25479,unresolved,unknown,40,48,2,37,27,1.2,10,5.1,0.1875,11,2,50,3:echo,5,0.69,mixed,6,1.03,True,2,1.18,10,6.0,True,1,False,False,3,3,False,False,False,N/A,0,0.0,0,0,0,0,0,0
sphinx-doc__sphinx-11445,unsubmitted,unknown,24,41,1,36,22,1.0416666666666667,2,1.5,0.4146341463414634,2,1,42,23:str_replace_editor: str_replace,18,0.36,early,3,1.0,False,2,1.2,5,3.0,True,3,False,False,19,0,True,True,True,N/A,19,19.0,1,1,0,0,18,0
pydata__xarray-7393,unresolved,unknown,81,98,15,97,38,1.1975308641975309,18,5.611111111111111,0.15306122448979592,11,2,113,16:python3,8,0.53,mixed,21,1.13,True,6,1.92,19,6.17,True,1,False,True,37,11,True,True,False,"('localization',)",17,5.2,5,25,0,0,1,0
sphinx-doc__sphinx-9591,unresolved,unknown,48,76,4,56,11,1.4375,24,4.166666666666667,0.2631578947368421,8,2,80,0:cd,20,0.27,early,10,1.0,False,2,1.09,11,6.0,True,1,False,False,5,4,False,False,False,"('localization',)",1,1.0,1,1,0,0,0,0
sphinx-doc__sphinx-8595,resolved,unknown,9,12,1,9,6,1.3333333333333333,4,3.0,0.25,5,2,13,1:cd,4,0.46,middle,4,1.0,False,2,2.0,1,1.0,False,0,False,False,1,1,False,False,False,N/A,0,0.0,0,0,0,0,0,0
psf__requests-1921,unresolved,unknown,78,116,14,98,30,1.294871794871795,31,5.451612903225806,0.20689655172413793,23,1,130,10:cd,16,0.16,mixed,15,1.06,True,4,2.6,8,4.0,True,0,False,True,42,18,False,True,False,"('localization',)",15,2.67,9,15,0,9,0,0
astropy__astropy-13453,unresolved,unknown,37,55,5,41,13,1.3513513513513513,14,4.0,0.2545454545454545,10,1,60,1:cd,9,0.3,early,12,1.0,False,3,2.0,3,2.67,True,2,False,False,10,4,False,True,False,"('localization',)",4,2.0,3,6,0,0,0,0
django__django-14311,unresolved,unknown,7,7,1,6,6,1.0,1,3.0,0.14285714285714285,3,3,8,0:cd,2,0.5,middle,2,1.0,False,2,2.0,1,1.0,False,0,False,False,1,1,False,False,False,N/A,0,0.0,0,0,0,0,0,0
scikit-learn__scikit-learn-26194,unresolved,unknown,6,5,0,5,5,0.8333333333333334,0,0.0,0.0,0,0,5,0:cd,1,0.5,middle,1,1.0,False,1,1.0,1,1.0,False,0,False,False,1,1,False,False,False,N/A,0,0.0,0,0,0,0,0,0
django__django-13028,unresolved,unknown,7,9,0,6,4,1.2857142857142858,3,2.3333333333333335,0.2222222222222222,3,2,9,0:cd,4,0.5,mixed,4,1.0,False,1,1.0,1,1.0,False,0,False,False,1,1,False,False,False,N/A,0,0.0,0,0,0,0,0,0
django__django-15731,resolved,unknown,11,13,0,13,10,1.1818181818181819,3,4.666666666666667,0.23076923076923078,6,3,13,0:think,2,0.57,late,3,1.33,True,1,1.0,5,5.0,True,0,False,False,3,2,False,False,False,"('localization',)",1,1.0,1,1,0,0,0,0
scikit-learn__scikit-learn-12682,resolved,unknown,20,19,6,20,19,0.95,0,0.0,0.0,0,0,25,0:find,1,0.65,mixed,4,1.0,False,3,2.0,5,2.67,True,1,False,False,7,5,False,False,False,N/A,2,2.0,1,0,0,2,0,0
scikit-learn__scikit-learn-13124,unresolved,unknown,25,28,0,21,15,1.12,4,4.5,0.10714285714285714,7,2,28,1:cd,5,0.59,mixed,5,1.0,False,1,1.0,10,10.0,True,1,False,False,3,3,False,False,False,N/A,0,0.0,0,0,0,0,0,0
sympy__sympy-24213,unsubmitted,unknown,18,18,0,18,16,1.0,1,5.0,0.05555555555555555,5,5,18,12:head,2,0.74,mixed,3,1.08,True,0,0.0,0,0.0,False,0,False,False,1,1,False,False,False,N/A,0,0.0,0,0,0,0,0,0
pylint-dev__pylint-4661,unresolved,unknown,11,15,0,13,9,1.2727272727272727,4,4.25,0.2,8,1,15,0:think,3,0.31,early,3,1.0,False,1,1.0,2,2.0,False,1,False,False,4,3,False,False,False,N/A,1,1.0,1,1,0,0,0,0
pytest-dev__pytest-7432,unresolved,unknown,80,114,10,100,25,1.2625,34,8.323529411764707,0.18421052631578946,16,2,124,0:cd,15,0.87,mixed,15,1.27,True,3,1.42,28,14.0,True,2,False,True,0,0,False,False,False,N/A,0,0.0,0,0,0,0,0,0
django__django-12209,resolved,unknown,33,62,3,46,13,1.4848484848484849,18,4.055555555555555,0.25806451612903225,8,2,65,13:cd,11,0.24,early,11,1.36,True,3,1.75,4,3.0,True,0,False,True,13,8,False,True,False,"('localization',)",2,1.25,4,5,0,0,0,0
django__django-11292,resolved,unknown,5,4,0,4,4,0.8,0,0.0,0.0,0,0,4,0:cd,1,0.6,middle,1,1.0,False,1,1.0,1,1.0,False,0,False,False,1,1,False,False,False,N/A,0,0.0,0,0,0,0,0,0
django__django-11749,unresolved,unknown,14,14,1,12,13,1.0,1,2.0,0.0,2,2,15,0:cd,2,0.8,mixed,2,1.0,False,2,1.17,6,3.5,True,1,False,False,1,1,False,False,False,N/A,0,0.0,0,0,0,0,0,0
django__django-12155,resolved,unknown,7,7,0,7,6,1.0,1,6.0,0.14285714285714285,6,6,7,0:think,2,0.5,middle,1,1.0,False,1,1.0,1,1.0,False,0,False,False,1,1,False,False,False,N/A,0,0.0,0,0,0,0,0,0
sympy__sympy-19040,unresolved,unknown,81,109,20,96,36,1.2469135802469136,26,7.153846153846154,0.1834862385321101,18,1,129,8:cd,9,0.35,early,19,1.15,True,6,2.17,12,4.17,True,0,False,True,29,10,True,True,False,"('localization',)",5,2.71,7,13,0,2,4,0
sphinx-doc__sphinx-7889,unresolved,unknown,13,19,1,14,7,1.3846153846153846,7,3.7142857142857144,0.3157894736842105,6,2,20,1:cd,6,0.4,middle,5,1.0,False,2,1.5,2,1.5,False,0,False,False,1,1,False,False,False,N/A,0,0.0,0,0,0,0,0,0
pydata__xarray-4629,unresolved,unknown,60,75,8,66,35,1.1666666666666667,19,12.31578947368421,0.14666666666666667,28,2,83,7:cd,5,0.55,mixed,15,1.08,True,3,1.47,18,8.67,True,0,False,True,20,10,True,True,True,"('localization',)",4,2.0,5,10,0,0,0,0
pydata__xarray-6938,unresolved,unknown,8,7,1,8,7,0.875,0,0.0,0.0,0,0,8,0:ls,1,0.88,mixed,1,1.0,False,2,1.5,2,1.5,True,0,False,True,1,1,False,False,False,N/A,0,0.0,0,0,0,0,0,0
django__django-14376,unresolved,unknown,5,4,0,4,4,0.8,0,0.0,0.0,0,0,4,0:find,1,0.8,middle,1,1.0,False,1,1.0,1,1.0,False,0,False,False,1,1,False,False,False,N/A,0,0.0,0,0,0,0,0,0
pydata__xarray-6992,unresolved,unknown,75,104,14,85,35,1.32,28,6.857142857142857,0.22115384615384615,31,1,118,1:cd,20,0.41,early,28,1.1,True,4,2.0,8,5.5,True,0,False,True,36,9,True,True,False,"('localization',)",14,3.38,8,24,0,0,3,0
django__django-13112,unresolved,unknown,21,36,1,24,10,1.4761904761904763,13,3.923076923076923,0.3611111111111111,9,2,37,0:cd,12,0.16,early,4,1.0,False,2,2.0,1,1.0,False,0,False,False,2,2,False,False,False,N/A,0,0.0,0,0,0,0,0,0
django__django-14011,unresolved,unknown,13,12,0,11,12,0.9230769230769231,0,0.0,0.0,0,0,12,0:think,1,0.85,mixed,1,1.0,False,1,1.0,5,5.0,True,0,False,False,0,0,False,False,False,N/A,0,0.0,0,0,0,0,0,0
django__django-11551,resolved,unknown,8,7,0,8,7,0.875,0,0.0,0.0,0,0,7,0:find,1,0.88,mixed,1,1.0,False,1,1.0,4,4.0,True,0,False,False,1,1,False,False,False,N/A,0,0.0,0,0,0,0,0,0
django__django-16502,unresolved,unknown,26,35,1,23,18,1.2307692307692308,8,4.5,0.11428571428571428,7,2,36,0:cd,3,0.19,early,3,1.0,False,2,1.5,2,1.5,False,1,False,False,5,5,True,False,False,N/A,0,0.0,0,0,0,0,0,0
sympy__sympy-15345,unresolved,unknown,8,11,0,12,4,1.375,4,2.25,0.36363636363636365,3,2,11,2:python3,5,0.33,early,2,1.0,False,1,1.0,1,1.0,False,0,False,False,4,4,False,False,False,N/A,0,0.0,0,0,0,0,0,0
django__django-13195,unresolved,unknown,15,25,0,15,11,1.4666666666666666,9,4.111111111111111,0.4,9,2,25,1:cd,7,0.23,early,1,1.0,False,1,1.0,3,3.0,False,0,False,False,1,1,False,False,False,N/A,0,0.0,0,0,0,0,0,0
scikit-learn__scikit-learn-13135,unresolved,unknown,9,13,0,8,7,1.4444444444444444,5,3.6,0.23076923076923078,6,2,13,1:cd,4,0.57,mixed,5,1.14,True,0,0.0,0,0.0,False,0,False,False,0,0,False,False,False,N/A,0,0.0,0,0,0,0,0,0
django__django-13089,resolved,unknown,5,4,1,5,4,0.8,0,0.0,0.0,0,0,5,0:find,1,0.8,middle,1,1.0,False,2,1.5,2,1.5,True,0,False,False,1,1,False,False,False,N/A,0,0.0,0,0,0,0,0,0
django__django-13964,unresolved,unknown,40,45,7,41,28,1.1,5,4.4,0.1111111111111111,7,2,52,1:cd,5,0.54,mixed,10,1.04,True,3,1.43,13,6.67,True,4,False,True,15,8,False,True,False,"('localization',)",2,1.75,4,7,0,0,0,0
django__django-13933,unresolved,unknown,16,17,0,14,12,1.0625,2,6.5,0.058823529411764705,10,3,17,1:cd,3,0.72,mixed,3,1.0,False,1,1.0,9,9.0,True,0,False,False,1,1,False,False,False,N/A,0,0.0,0,0,0,0,0,0
django__django-11734,unresolved,unknown,31,50,1,31,8,1.4516129032258065,16,3.3125,0.28,6,2,51,1:cd,15,0.47,mixed,12,1.04,True,2,1.1,10,5.5,True,3,False,True,3,2,False,False,False,N/A,1,1.0,1,1,0,0,0,0
sphinx-doc__sphinx-9230,unresolved,unknown,8,10,1,7,4,1.25,3,2.6666666666666665,0.2,3,2,11,0:cd,4,0.55,middle,4,1.0,False,2,2.0,1,1.0,False,0,False,False,1,1,False,False,False,N/A,0,0.0,0,0,0,0,0,0
sympy__sympy-13798,unresolved,unknown,55,114,6,98,24,1.4363636363636363,26,4.461538461538462,0.3684210526315789,10,1,120,43:str_replace_editor: str_replace,21,0.2,mixed,16,1.53,True,5,2.36,8,4.2,True,2,False,True,57,16,True,True,False,"('localization',)",27,4.56,9,20,0,0,21,0
django__django-15368,resolved,unknown,12,21,0,12,6,1.5,7,2.857142857142857,0.38095238095238093,5,2,21,0:cd,8,0.45,mixed,7,1.25,True,1,1.0,2,2.0,False,0,False,False,1,1,False,False,False,N/A,0,0.0,0,0,0,0,0,0
pytest-dev__pytest-5262,resolved,unknown,14,17,0,10,7,1.2142857142857142,4,3.0,0.23529411764705882,4,2,17,1:cd,5,0.39,middle,3,1.0,False,1,1.0,3,3.0,True,0,False,False,0,0,False,False,False,N/A,0,0.0,0,0,0,0,0,0
sympy__sympy-18211,unresolved,unknown,39,52,3,38,12,1.3076923076923077,15,4.266666666666667,0.21153846153846154,7,2,55,1:cd,12,0.62,mixed,10,1.06,True,3,1.16,18,7.0,True,3,False,True,4,3,False,False,False,N/A,1,1.0,1,1,0,0,0,0
django__django-12050,resolved,unknown,9,9,0,8,8,1.0,1,6.0,0.1111111111111111,6,6,9,0:cd,2,0.7,mixed,2,1.0,False,1,1.0,5,5.0,False,0,False,False,1,1,False,False,False,N/A,0,0.0,0,0,0,0,0,0
django__django-12125,unresolved,unknown,21,24,4,19,14,1.1428571428571428,4,5.25,0.16666666666666666,11,2,28,1:cd,5,0.36,early,1,1.0,False,3,1.5,5,2.33,True,1,False,True,1,1,False,False,False,N/A,0,0.0,0,0,0,0,0,0
matplotlib__matplotlib-24570,resolved,unknown,10,9,0,9,9,0.9,0,0.0,0.0,0,0,9,0:think,1,0.4,middle,1,1.0,False,1,1.0,2,2.0,False,0,False,False,1,1,False,False,False,N/A,0,0.0,0,0,0,0,0,0
scikit-learn__scikit-learn-25232,resolved,unknown,24,23,0,23,23,0.9583333333333334,0,0.0,0.0,0,0,23,0:think,1,0.75,mixed,2,1.0,False,1,1.0,15,15.0,True,1,False,False,4,4,False,False,False,N/A,0,0.0,0,0,0,0,0,0
django__django-11885,unresolved,unknown,14,23,2,15,8,1.5,9,3.4444444444444446,0.30434782608695654,7,2,25,1:cd,8,0.25,early,5,1.0,False,3,3.0,1,1.0,True,0,False,True,1,1,False,False,False,N/A,0,0.0,0,0,0,0,0,0
django__django-13297,unresolved,unknown,15,24,1,14,7,1.5333333333333334,9,2.5555555555555554,0.3333333333333333,5,2,25,1:cd,9,0.44,mixed,9,1.0,False,2,2.0,1,1.0,False,0,False,True,1,1,False,False,False,N/A,0,0.0,0,0,0,0,0,0
django__django-14559,resolved,unknown,6,7,1,5,5,1.0,1,3.0,0.0,3,3,8,0:cd,2,0.62,mixed,2,1.25,True,2,2.0,1,1.0,True,0,False,True,1,1,False,False,False,N/A,0,0.0,0,0,0,0,0,0
sympy__sympy-20801,unsubmitted,unknown,58,76,7,76,27,1.293103448275862,38,7.131578947368421,0.23684210526315788,16,2,83,24:python,11,0.48,early,11,1.23,True,2,1.5,15,12.0,True,3,False,True,25,12,False,True,False,"('localization',)",2,1.62,8,13,0,0,0,0
django__django-14672,resolved,unknown,5,4,0,4,4,0.8,0,0.0,0.0,0,0,4,0:cd,1,0.6,middle,1,1.0,False,1,1.0,1,1.0,False,0,False,False,1,1,False,False,False,N/A,0,0.0,0,0,0,0,0,0
django__django-14155,unresolved,unknown,9,10,1,9,8,1.1111111111111112,2,4.0,0.2,4,4,11,0:think,2,0.45,middle,2,1.0,False,2,1.5,2,1.5,False,1,False,True,2,2,False,False,False,N/A,0,0.0,0,0,0,0,0,0
sympy__sympy-21612,unsubmitted,unknown,30,44,1,28,20,1.3,10,4.2,0.20454545454545456,12,2,45,0:cd,9,0.29,early,8,1.08,True,2,1.2,5,3.0,True,0,False,False,6,5,True,False,False,"('localization',)",1,1.0,1,1,0,0,0,0
django__django-13670,resolved,unknown,11,11,4,10,9,1.0,1,3.0,0.09090909090909091,3,3,15,1:cd,2,0.67,mixed,2,1.0,False,2,1.5,5,3.0,True,1,False,False,1,1,False,False,False,N/A,0,0.0,0,0,0,0,0,0
matplotlib__matplotlib-26466,unresolved,unknown,25,32,1,21,15,1.24,7,3.0,0.1875,4,2,33,0:cd,6,0.52,mixed,8,1.06,True,2,1.14,7,4.0,True,1,False,False,1,1,False,False,False,N/A,0,0.0,0,0,0,0,0,0
sphinx-doc__sphinx-8056,unresolved,unknown,14,16,1,13,11,1.1428571428571428,3,2.0,0.125,2,2,17,0:cd,4,0.65,mixed,4,1.0,False,2,1.17,6,3.5,True,0,False,False,2,2,False,False,False,N/A,0,0.0,0,0,0,0,0,0
django__django-16136,unresolved,unknown,8,8,1,7,7,1.0,1,2.0,0.0,2,2,9,0:cd,2,0.67,middle,2,1.0,False,2,2.0,1,1.0,False,0,False,False,1,1,False,False,False,N/A,0,0.0,0,0,0,0,0,0
django__django-14493,unresolved,unknown,12,12,4,12,11,1.0,1,8.0,0.08333333333333333,8,8,16,0:think,2,0.62,middle,3,1.0,False,3,3.0,2,1.67,True,0,False,True,2,2,False,False,False,N/A,0,0.0,0,0,0,0,0,0
pylint-dev__pylint-4604,unresolved,unknown,74,105,1,76,21,1.3513513513513513,30,3.8333333333333335,0.2571428571428571,12,2,106,1:cd,27,0.42,early,23,1.05,True,2,1.04,23,12.0,True,1,False,False,17,10,False,False,False,"('localization',)",4,1.75,4,7,0,0,0,0
django__django-11333,unresolved,unknown,5,4,0,4,4,0.8,0,0.0,0.0,0,0,4,0:cd,1,0.6,middle,1,1.0,False,1,1.0,2,2.0,False,1,False,False,1,1,False,False,False,N/A,0,0.0,0,0,0,0,0,0
pytest-dev__pytest-7521,unresolved,unknown,27,44,6,36,12,1.4074074074074074,14,4.714285714285714,0.2727272727272727,8,1,50,1:cd,9,0.76,mixed,10,1.36,True,3,1.88,7,3.67,True,0,False,False,0,0,False,False,False,N/A,0,0.0,0,0,0,0,0,0
sympy__sympy-13551,unresolved,unknown,14,21,0,16,8,1.2857142857142858,5,3.8,0.23809523809523808,6,3,21,1:cd,6,0.27,early,3,1.0,False,1,1.0,2,2.0,False,1,False,False,2,2,False,False,False,N/A,0,0.0,0,0,0,0,0,0
django__django-15814,unresolved,unknown,13,16,4,13,10,1.0769230769230769,2,2.0,0.0625,2,2,20,1:cd,4,0.65,mixed,4,1.1,True,3,2.33,3,1.67,True,0,False,False,1,1,False,False,False,N/A,0,0.0,0,0,0,0,0,0
astropy__astropy-12907,resolved,unknown,9,9,0,7,8,1.0,1,2.0,0.1111111111111111,2,2,9,7:python,2,0.6,middle,1,1.0,False,1,1.0,1,1.0,False,0,False,False,1,1,False,False,False,N/A,0,0.0,0,0,0,0,0,0
django__django-11951,unsubmitted,unknown,3,2,0,3,2,0.6666666666666666,0,0.0,0.0,0,0,2,0:find,1,1.0,mixed,1,1.0,False,1,1.0,1,1.0,False,1,False,False,0,0,False,False,False,N/A,0,0.0,0,0,0,0,0,0
django__django-16560,unresolved,unknown,16,17,2,16,15,1.0625,2,3.0,0.11764705882352941,3,3,19,0:think,2,0.28,early,4,1.0,False,3,3.0,1,1.0,True,0,False,False,9,5,False,False,False,"('localization',)",4,4.0,1,4,0,0,0,0
django__django-14140,unresolved,unknown,10,14,0,10,9,1.2,3,5.333333333333333,0.21428571428571427,7,4,14,1:cd,3,0.2,early,1,1.0,False,1,1.0,2,2.0,False,1,False,False,1,1,False,False,False,N/A,0,0.0,0,0,0,0,0,0
django__django-12262,unresolved,unknown,17,25,1,16,9,1.411764705882353,9,3.4444444444444446,0.28,7,2,26,1:cd,8,0.35,middle,5,1.0,False,2,1.33,3,2.0,True,1,False,False,1,1,False,False,False,N/A,0,0.0,0,0,0,0,0,0
django__django-16493,resolved,unknown,8,8,1,7,6,1.0,1,3.0,0.125,3,3,9,1:cd,2,0.56,mixed,2,1.0,False,2,1.5,2,1.5,True,1,False,False,1,1,False,False,False,N/A,0,0.0,0,0,0,0,0,0
sphinx-doc__sphinx-10449,unresolved,unknown,71,118,12,95,35,1.3943661971830985,70,15.071428571428571,0.22033898305084745,30,1,130,15:cd,10,0.28,mixed,28,2.06,True,3,2.5,10,7.0,True,1,False,True,59,14,True,True,False,"('localization',)",31,7.5,6,40,0,0,5,0
sphinx-doc__sphinx-8120,resolved,unknown,12,11,1,11,11,0.9166666666666666,0,0.0,0.0,0,0,12,0:cd,1,0.83,mixed,1,1.0,False,2,1.17,6,3.5,True,2,False,False,1,1,False,False,False,N/A,0,0.0,0,0,0,0,0,0
scikit-learn__scikit-learn-12585,unresolved,unknown,52,93,7,94,16,1.5192307692307692,91,5.923076923076923,0.41935483870967744,12,1,100,4:python,16,0.24,mixed,19,1.64,True,4,2.33,9,4.75,True,0,False,True,56,11,True,True,False,"('localization',)",31,6.43,7,31,0,0,14,0
django__django-16661,unresolved,unknown,60,99,8,61,30,1.3,27,5.2592592592592595,0.21212121212121213,24,2,107,1:cd,18,0.31,early,6,1.0,False,2,1.5,10,6.0,True,2,False,False,1,1,False,False,False,N/A,0,0.0,0,0,0,0,0,0
pydata__xarray-7229,unresolved,unknown,52,65,12,65,43,1.1730769230769231,10,6.1,0.16923076923076924,34,1,77,35:python,9,0.44,early,5,1.0,False,5,1.57,7,3.0,True,2,False,False,24,13,True,True,False,"('localization',)",3,1.83,6,5,0,0,6,0
sphinx-doc__sphinx-8035,unresolved,unknown,43,62,2,47,17,1.372093023255814,18,4.055555555555555,0.25806451612903225,9,2,64,1:cd,16,0.25,early,8,1.07,True,1,1.0,8,8.0,True,0,False,False,4,3,False,False,False,N/A,1,1.0,1,0,0,1,0,0
django__django-15503,unresolved,unknown,37,63,3,47,18,1.3783783783783783,15,4.0,0.23809523809523808,13,2,66,1:cd,16,0.16,early,3,1.0,False,3,2.5,2,1.33,True,1,False,False,15,10,True,False,False,N/A,3,1.67,3,4,0,0,1,0
sympy__sympy-19954,unsubmitted,unknown,15,17,2,14,11,1.0666666666666667,2,4.5,0.11764705882352941,6,3,19,6:python,3,0.44,early,3,1.0,False,2,2.0,2,1.5,True,0,False,True,2,2,False,False,False,N/A,0,0.0,0,0,0,0,0,0
astropy__astropy-8872,unresolved,unknown,23,29,4,29,12,1.2608695652173914,7,3.857142857142857,0.2413793103448276,10,1,33,9:python3,6,0.3,early,5,1.0,False,3,2.0,3,2.33,True,0,False,False,10,8,False,False,False,"('localization',)",1,1.0,2,2,0,0,0,0
django__django-13417,resolved,unknown,9,9,0,9,8,1.0,1,8.0,0.1111111111111111,8,8,9,0:think,2,0.6,middle,1,1.0,False,1,1.0,3,3.0,False,0,False,False,1,1,False,False,False,N/A,0,0.0,0,0,0,0,0,0
django__django-10999,unresolved,unknown,5,4,0,3,4,0.8,0,0.0,0.0,0,0,4,0:cd,1,0.6,middle,1,1.0,False,1,1.0,1,1.0,False,0,False,False,1,1,False,False,False,N/A,0,0.0,0,0,0,0,0,0
sympy__sympy-12489,unresolved,unknown,7,8,1,6,4,1.1428571428571428,2,3.0,0.25,3,3,9,0:cd,3,0.56,mixed,3,1.0,False,2,2.0,1,1.0,False,0,False,False,1,1,False,False,False,N/A,0,0.0,0,0,0,0,0,0
sympy__sympy-13091,unresolved,unknown,9,18,1,12,6,1.5555555555555556,6,3.3333333333333335,0.3333333333333333,5,2,19,1:cd,6,0.32,middle,5,1.5,True,2,2.0,1,1.0,True,0,False,True,2,2,False,False,False,N/A,0,0.0,0,0,0,0,0,0
sympy__sympy-20154,unsubmitted,unknown,20,20,0,16,18,1.0,1,2.0,0.0,2,2,20,14:cd,2,0.43,early,2,1.0,False,1,1.0,7,7.0,True,0,False,False,5,4,False,False,False,N/A,1,1.0,1,0,0,1,0,0
matplotlib__matplotlib-26113,resolved,unknown,10,10,0,8,9,1.0,1,9.0,0.1,9,9,10,0:think,2,0.64,middle,1,1.0,False,1,1.0,2,2.0,False,0,False,False,1,1,False,False,False,N/A,0,0.0,0,0,0,0,0,0
django__django-13568,unresolved,unknown,8,11,0,7,4,1.375,4,2.5,0.2727272727272727,4,2,11,0:cd,5,0.25,middle,2,1.0,False,1,1.0,1,1.0,False,0,False,False,1,1,False,False,False,N/A,0,0.0,0,0,0,0,0,0
pydata__xarray-7233,resolved,unknown,14,18,0,14,9,1.2142857142857142,4,4.0,0.2222222222222222,8,2,18,1:cd,5,0.37,middle,2,1.0,False,1,1.0,5,5.0,True,1,False,False,1,1,False,False,False,N/A,0,0.0,0,0,0,0,0,0
django__django-15957,unresolved,unknown,46,67,1,44,14,1.326086956521739,16,3.8125,0.23880597014925373,8,2,68,1:cd,18,0.4,mixed,13,1.0,False,1,1.0,15,15.0,True,0,False,False,2,2,False,False,False,N/A,0,0.0,0,0,0,0,0,0
django__django-16454,unsubmitted,unknown,20,36,0,23,10,1.45,10,3.8,0.25,7,2,36,6:cd,7,0.62,mixed,11,1.44,True,1,1.0,1,1.0,False,1,False,False,0,0,False,False,False,N/A,0,0.0,0,0,0,0,0,0
django__django-15037,unresolved,unknown,6,6,0,5,5,1.0,1,3.0,0.16666666666666666,3,3,6,0:cd,2,0.43,mixed,2,1.0,False,1,1.0,1,1.0,False,0,False,False,1,1,False,False,False,N/A,0,0.0,0,0,0,0,0,0
pytest-dev__pytest-10081,unresolved,unknown,58,119,5,99,28,1.4827586206896552,89,11.224719101123595,0.2605042016806723,20,1,124,8:cd,16,0.78,mixed,25,1.75,True,2,1.92,11,6.5,True,1,False,False,0,0,False,False,False,N/A,0,0.0,0,0,0,0,0,0
sphinx-doc__sphinx-8593,unresolved,unknown,81,103,10,91,29,1.1851851851851851,18,7.833333333333333,0.1553398058252427,14,2,113,1:cd,13,0.36,early,8,1.09,True,2,1.25,15,9.5,True,1,False,False,14,8,False,False,False,"('localization',)",3,1.5,4,6,0,0,0,0
sympy__sympy-16766,resolved,unknown,7,9,0,6,4,1.2857142857142858,3,2.6666666666666665,0.2222222222222222,3,2,9,0:cd,4,0.4,middle,3,1.0,False,1,1.0,1,1.0,False,0,False,False,1,1,False,False,False,N/A,0,0.0,0,0,0,0,0,0
pytest-dev__pytest-7324,unresolved,unknown,86,113,13,99,32,1.2906976744186047,38,9.421052631578947,0.22123893805309736,25,1,126,1:cd,15,0.84,mixed,17,1.16,True,4,3.0,8,5.25,True,0,False,True,0,0,False,False,False,N/A,0,0.0,0,0,0,0,0,0
django__django-15695,unresolved,unknown,23,28,2,21,18,1.173913043478261,5,5.4,0.14285714285714285,17,2,30,0:cd,6,0.59,middle,5,1.06,True,2,1.25,7,4.5,True,2,False,True,1,1,False,False,False,N/A,0,0.0,0,0,0,0,0,0
django__django-12741,resolved,unknown,12,13,3,11,10,1.0833333333333333,2,2.0,0.07692307692307693,2,2,16,0:cd,3,0.64,mixed,4,1.0,False,2,1.75,3,3.0,True,0,False,True,2,2,False,False,False,N/A,0,0.0,0,0,0,0,0,0
django__django-16145,resolved,unknown,9,14,1,10,5,1.2222222222222223,3,2.6666666666666665,0.14285714285714285,3,2,15,1:cd,5,0.47,mixed,5,1.4,True,2,2.0,1,1.0,False,0,False,False,1,1,False,False,False,N/A,0,0.0,0,0,0,0,0,0
psf__requests-6028,unresolved,unknown,23,29,0,20,14,1.2173913043478262,6,3.5,0.1724137931034483,8,2,29,1:cd,7,0.53,mixed,7,1.0,False,1,1.0,7,7.0,True,1,False,False,1,1,False,False,False,N/A,0,0.0,0,0,0,0,0,0
matplotlib__matplotlib-24970,resolved,unknown,14,17,1,16,10,1.2142857142857142,4,3.5,0.23529411764705882,5,3,18,6:python,4,0.61,mixed,2,1.22,True,2,2.0,2,1.5,True,0,False,True,1,1,False,False,False,N/A,0,0.0,0,0,0,0,0,0
django__django-16082,resolved,unknown,19,23,4,19,15,1.1578947368421053,4,5.5,0.17391304347826086,14,2,27,0:cd,5,0.5,early,1,1.0,False,2,2.0,4,2.5,True,0,False,False,1,1,False,False,False,N/A,0,0.0,0,0,0,0,0,0
sphinx-doc__sphinx-8475,resolved,unknown,6,5,1,5,5,0.8333333333333334,0,0.0,0.0,0,0,6,0:cd,1,0.5,middle,1,1.0,False,2,2.0,1,1.0,False,0,False,False,2,2,False,False,False,N/A,0,0.0,0,0,0,0,0,0
django__django-15987,unresolved,unknown,5,4,0,4,4,0.8,0,0.0,0.0,0,0,4,0:cd,1,0.6,middle,1,1.0,False,1,1.0,1,1.0,False,0,False,False,1,1,False,False,False,N/A,0,0.0,0,0,0,0,0,0
django__django-13512,unresolved,unknown,7,6,0,6,6,0.8571428571428571,0,0.0,0.0,0,0,6,0:cd,1,0.71,mixed,1,1.0,False,1,1.0,4,4.0,True,0,False,False,1,1,False,False,False,N/A,0,0.0,0,0,0,0,0,0
sympy__sympy-16886,resolved,unknown,8,7,0,8,7,0.875,0,0.0,0.0,0,0,7,0:find,1,0.88,mixed,1,1.0,False,1,1.0,4,4.0,False,0,False,False,1,1,False,False,False,N/A,0,0.0,0,0,0,0,0,0
django__django-16263,unresolved,unknown,26,36,1,25,11,1.3846153846153846,11,3.1818181818181817,0.2777777777777778,8,2,37,0:cd,12,0.41,mixed,11,1.0,False,2,1.17,6,3.5,True,2,False,False,4,3,False,False,False,"('localization',)",1,1.0,1,1,0,0,0,0
django__django-17029,resolved,unknown,9,12,1,9,6,1.3333333333333333,4,2.0,0.25,3,1,13,0:cd,4,0.62,mixed,4,1.14,True,2,1.33,3,2.0,True,0,False,True,1,1,False,False,False,N/A,0,0.0,0,0,0,0,0,0
django__django-11163,resolved,unknown,12,13,0,11,10,1.0833333333333333,2,4.5,0.15384615384615385,7,2,13,0:cd,3,0.71,mixed,3,1.0,False,1,1.0,7,7.0,True,0,False,False,1,1,False,False,False,N/A,0,0.0,0,0,0,0,0,0
astropy__astropy-7166,resolved,unknown,7,6,1,6,6,0.8571428571428571,0,0.0,0.0,0,0,7,0:cd,1,0.57,middle,1,1.0,False,2,2.0,1,1.0,False,0,False,False,2,2,False,False,False,N/A,0,0.0,0,0,0,0,0,0
django__django-12039,resolved,unknown,10,10,1,8,8,1.0,1,3.0,0.0,3,3,11,1:cd,2,0.64,mixed,2,1.0,False,2,1.33,3,2.0,True,1,False,False,1,1,False,False,False,N/A,0,0.0,0,0,0,0,0,0
scikit-learn__scikit-learn-14710,unresolved,unknown,23,33,0,32,10,1.434782608695652,11,2.4545454545454546,0.3333333333333333,5,2,33,6:python,12,0.18,early,2,1.0,False,1,1.0,2,2.0,True,0,False,False,15,11,False,False,False,"('localization',)",2,1.33,3,4,0,0,0,0
psf__requests-5414,resolved,unknown,18,32,0,21,8,1.5,10,3.2,0.28125,6,2,32,1:cd,6,0.3,early,7,1.0,False,1,1.0,2,2.0,False,0,False,False,5,5,False,False,False,N/A,0,0.0,0,0,0,0,0,0
scikit-learn__scikit-learn-13779,unresolved,unknown,72,118,11,100,30,1.4027777777777777,107,14.327102803738319,0.22033898305084745,25,1,129,8:cd,15,0.23,mixed,25,1.69,True,6,3.91,9,3.83,True,0,False,True,58,18,True,True,False,"('localization',)",19,3.64,11,37,0,0,3,0
django__django-14349,resolved,unknown,23,39,0,20,12,1.434782608695652,18,5.166666666666667,0.2564102564102564,8,2,39,1:cd,8,0.35,early,4,1.17,True,1,1.0,5,5.0,True,0,False,False,1,1,False,False,False,N/A,0,0.0,0,0,0,0,0,0
